date,time,illuminance_lux,light_regime,sun_altitude_deg,sun_azimuth_deg,moon_altitude_deg,moon_azimuth_deg,phase_angle_deg,pct_darkness,moon_phase_fraction,moon_phase_name,below_threshold
2025-04-10,18:30:00,5982.6327,Daylit,1.3745,278.2075,19.4177,93.2794,22.1808,18.14,0.963,Waning Crescent,False
2025-04-10,18:31:00,5083.3866,Daylit,1.1303,278.2476,19.658,93.3283,22.1732,18.13,0.963,Waning Crescent,False
2025-04-10,18:32:00,4150.8439,Daylit,0.8862,278.2878,19.8984,93.3772,22.1656,18.13,0.963,Waning Crescent,False
2025-04-10,18:33:00,3173.8029,Daylit,0.6421,278.3281,20.1387,93.4264,22.158,18.12,0.9631,Waning Crescent,False
2025-04-10,18:34:00,2130.9419,Daylit,0.398,278.3686,20.3791,93.4757,22.1504,18.12,0.9631,Waning Crescent,False
2025-04-10,18:35:00,965.9874,Daylit,0.1539,278.4093,20.6194,93.5251,22.1427,18.11,0.9631,Waning Crescent,False
2025-04-10,18:36:00,20.1727,Civil Twilight,-0.0901,278.4501,20.8598,93.5747,22.1351,18.1,0.9631,Waning Crescent,False
2025-04-10,18:37:00,19.344,Civil Twilight,-0.3341,278.491,21.1001,93.6245,22.1275,18.1,0.9632,Waning Crescent,False
2025-04-10,18:38:00,18.5154,Civil Twilight,-0.5781,278.5321,21.3404,93.6744,22.1199,18.09,0.9632,Waning Crescent,False
2025-04-10,18:39:00,17.6868,Civil Twilight,-0.822,278.5734,21.5808,93.7245,22.1123,18.09,0.9632,Waning Crescent,False
2025-04-10,18:40:00,16.8584,Civil Twilight,-1.0659,278.6148,21.8211,93.7748,22.1047,18.08,0.9632,Waning Crescent,False
2025-04-10,18:41:00,16.03,Civil Twilight,-1.3098,278.6564,22.0615,93.8253,22.0971,18.07,0.9633,Waning Crescent,False
2025-04-10,18:42:00,15.2017,Civil Twilight,-1.5537,278.6982,22.3018,93.8759,22.0895,18.07,0.9633,Waning Crescent,False
2025-04-10,18:43:00,14.3735,Civil Twilight,-1.7975,278.7401,22.5422,93.9267,22.0819,18.06,0.9633,Waning Crescent,False
2025-04-10,18:44:00,13.5454,Civil Twilight,-2.0413,278.7822,22.7825,93.9776,22.0743,18.06,0.9633,Waning Crescent,False
2025-04-10,18:45:00,12.7174,Civil Twilight,-2.2851,278.8244,23.0229,94.0288,22.0667,18.05,0.9634,Waning Crescent,False
2025-04-10,18:46:00,11.8895,Civil Twilight,-2.5289,278.8668,23.2632,94.0802,22.0591,18.04,0.9634,Waning Crescent,False
2025-04-10,18:47:00,11.0617,Civil Twilight,-2.7726,278.9094,23.5036,94.1317,22.0515,18.04,0.9634,Waning Crescent,False
2025-04-10,18:48:00,10.234,Civil Twilight,-3.0163,278.9522,23.7439,94.1834,22.0439,18.03,0.9634,Waning Crescent,False
2025-04-10,18:49:00,9.4064,Civil Twilight,-3.26,278.9951,23.9842,94.2353,22.0363,18.03,0.9635,Waning Crescent,False
2025-04-10,18:50:00,8.5789,Civil Twilight,-3.5036,279.0382,24.2246,94.2875,22.0287,18.02,0.9635,Waning Crescent,False
2025-04-10,18:51:00,7.7515,Civil Twilight,-3.7472,279.0815,24.4649,94.3398,22.0211,18.01,0.9635,Waning Crescent,False
2025-04-10,18:52:00,6.9242,Civil Twilight,-3.9908,279.125,24.7052,94.3923,22.0135,18.01,0.9635,Waning Crescent,False
2025-04-10,18:53:00,6.0969,Civil Twilight,-4.2343,279.1686,24.9455,94.4451,22.0059,18.0,0.9636,Waning Crescent,False
2025-04-10,18:54:00,5.2698,Civil Twilight,-4.4778,279.2125,25.1859,94.498,21.9983,18.0,0.9636,Waning Crescent,False
2025-04-10,18:55:00,4.4428,Civil Twilight,-4.7213,279.2565,25.4262,94.5512,21.9907,17.99,0.9636,Waning Crescent,False
2025-04-10,18:56:00,3.6159,Civil Twilight,-4.9648,279.3007,25.6665,94.6046,21.983,17.98,0.9636,Waning Crescent,False
2025-04-10,18:57:00,2.7891,Civil Twilight,-5.2082,279.345,25.9068,94.6581,21.9754,17.98,0.9637,Waning Crescent,False
2025-04-10,18:58:00,1.9624,Civil Twilight,-5.4516,279.3896,26.1471,94.712,21.9678,17.97,0.9637,Waning Crescent,False
2025-04-10,18:59:00,1.1358,Civil Twilight,-5.695,279.4344,26.3874,94.766,21.9602,17.97,0.9637,Waning Crescent,False
2025-04-10,19:00:00,0.3093,Civil Twilight,-5.9383,279.4793,26.6277,94.8203,21.9526,17.96,0.9637,Waning Crescent,False
2025-04-10,19:01:00,0.6823,Nautical Twilight,-6.1816,279.5245,26.8679,94.8748,21.945,17.95,0.9638,Waning Crescent,False
2025-04-10,19:02:00,0.6588,Nautical Twilight,-6.4249,279.5698,27.1082,94.9296,21.9374,17.95,0.9638,Waning Crescent,False
2025-04-10,19:03:00,0.6353,Nautical Twilight,-6.6681,279.6154,27.3485,94.9846,21.9298,17.94,0.9638,Waning Crescent,False
2025-04-10,19:04:00,0.6118,Nautical Twilight,-6.9113,279.6611,27.5887,95.0398,21.9222,17.94,0.9638,Waning Crescent,False
2025-04-10,19:05:00,0.5883,Nautical Twilight,-7.1545,279.7071,27.829,95.0953,21.9146,17.93,0.9639,Waning Crescent,False
2025-04-10,19:06:00,0.5648,Nautical Twilight,-7.3976,279.7532,28.0692,95.151,21.907,17.92,0.9639,Waning Crescent,False
2025-04-10,19:07:00,0.5413,Nautical Twilight,-7.6407,279.7996,28.3095,95.207,21.8994,17.92,0.9639,Waning Crescent,False
2025-04-10,19:08:00,0.5179,Nautical Twilight,-7.8838,279.8461,28.5497,95.2633,21.8918,17.91,0.9639,Waning Crescent,False
2025-04-10,19:09:00,0.4944,Nautical Twilight,-8.1268,279.8929,28.7899,95.3198,21.8842,17.91,0.964,Waning Crescent,False
2025-04-10,19:10:00,0.4709,Nautical Twilight,-8.3698,279.9399,29.0301,95.3765,21.8766,17.9,0.964,Waning Crescent,False
2025-04-10,19:11:00,0.4474,Nautical Twilight,-8.6128,279.9871,29.2703,95.4336,21.869,17.89,0.964,Waning Crescent,False
2025-04-10,19:12:00,0.424,Nautical Twilight,-8.8557,280.0345,29.5105,95.4909,21.8614,17.89,0.964,Waning Crescent,False
2025-04-10,19:13:00,0.4005,Nautical Twilight,-9.0986,280.0821,29.7506,95.5485,21.8538,17.88,0.9641,Waning Crescent,False
2025-04-10,19:14:00,0.377,Nautical Twilight,-9.3415,280.13,29.9908,95.6064,21.8462,17.88,0.9641,Waning Crescent,False
2025-04-10,19:15:00,0.3536,Nautical Twilight,-9.5843,280.178,30.2309,95.6646,21.8386,17.87,0.9641,Waning Crescent,False
2025-04-10,19:16:00,0.3301,Nautical Twilight,-9.8271,280.2263,30.4711,95.7231,21.831,17.86,0.9641,Waning Crescent,False
2025-04-10,19:17:00,0.3066,Nautical Twilight,-10.0698,280.2749,30.7112,95.7818,21.8234,17.86,0.9642,Waning Crescent,False
2025-04-10,19:18:00,0.2832,Nautical Twilight,-10.3125,280.3236,30.9513,95.8409,21.8158,17.85,0.9642,Waning Crescent,False
2025-04-10,19:19:00,0.2597,Nautical Twilight,-10.5552,280.3726,31.1914,95.9003,21.8082,17.85,0.9642,Waning Crescent,False
2025-04-10,19:20:00,0.2362,Nautical Twilight,-10.7978,280.4218,31.4315,95.9599,21.8006,17.84,0.9642,Waning Crescent,False
2025-04-10,19:21:00,0.2128,Nautical Twilight,-11.0404,280.4713,31.6715,96.0199,21.793,17.84,0.9643,Waning Crescent,False
2025-04-10,19:22:00,0.1893,Nautical Twilight,-11.2829,280.521,31.9116,96.0802,21.7854,17.83,0.9643,Waning Crescent,False
2025-04-10,19:23:00,0.1659,Nautical Twilight,-11.5255,280.5709,32.1516,96.1409,21.7778,17.82,0.9643,Waning Crescent,False
2025-04-10,19:24:00,0.1424,Nautical Twilight,-11.7679,280.6211,32.3916,96.2018,21.7702,17.82,0.9643,Waning Crescent,False
2025-04-10,19:25:00,0.126,Astronomical Twilight,-12.0104,280.6715,32.6316,96.2631,21.7626,17.81,0.9644,Waning Crescent,True
2025-04-10,19:26:00,0.1266,Astronomical Twilight,-12.2528,280.7222,32.8716,96.3247,21.755,17.81,0.9644,Waning Crescent,True
2025-04-10,19:27:00,0.1271,Astronomical Twilight,-12.4951,280.7731,33.1116,96.3867,21.7474,17.8,0.9644,Waning Crescent,True
2025-04-10,19:28:00,0.1277,Astronomical Twilight,-12.7374,280.8243,33.3515,96.449,21.7398,17.79,0.9644,Waning Crescent,True
2025-04-10,19:29:00,0.1282,Astronomical Twilight,-12.9797,280.8757,33.5915,96.5117,21.7322,17.79,0.9645,Waning Crescent,True
2025-04-10,19:30:00,0.1287,Astronomical Twilight,-13.2219,280.9274,33.8314,96.5747,21.7246,17.78,0.9645,Waning Crescent,True
2025-04-10,19:31:00,0.1293,Astronomical Twilight,-13.4641,280.9794,34.0713,96.6381,21.7169,17.78,0.9645,Waning Crescent,True
2025-04-10,19:32:00,0.1298,Astronomical Twilight,-13.7062,281.0316,34.3111,96.7019,21.7093,17.77,0.9645,Waning Crescent,True
2025-04-10,19:33:00,0.1304,Astronomical Twilight,-13.9483,281.084,34.551,96.766,21.7017,17.76,0.9646,Waning Crescent,True
2025-04-10,19:34:00,0.1309,Astronomical Twilight,-14.1904,281.1368,34.7908,96.8305,21.6941,17.76,0.9646,Waning Crescent,True
2025-04-10,19:35:00,0.1314,Astronomical Twilight,-14.4324,281.1898,35.0306,96.8954,21.6865,17.75,0.9646,Waning Crescent,True
2025-04-10,19:36:00,0.132,Astronomical Twilight,-14.6744,281.2431,35.2704,96.9607,21.6789,17.75,0.9646,Waning Crescent,True
2025-04-10,19:37:00,0.1325,Astronomical Twilight,-14.9163,281.2967,35.5101,97.0264,21.6713,17.74,0.9647,Waning Crescent,True
2025-04-10,19:38:00,0.133,Astronomical Twilight,-15.1581,281.3505,35.7499,97.0924,21.6637,17.73,0.9647,Waning Crescent,True
2025-04-10,19:39:00,0.1335,Astronomical Twilight,-15.4,281.4046,35.9896,97.1589,21.6561,17.73,0.9647,Waning Crescent,True
2025-04-10,19:40:00,0.134,Astronomical Twilight,-15.6418,281.459,36.2293,97.2258,21.6485,17.72,0.9647,Waning Crescent,True
2025-04-10,19:41:00,0.1346,Astronomical Twilight,-15.8835,281.5137,36.4689,97.2932,21.6409,17.72,0.9648,Waning Crescent,True
2025-04-10,19:42:00,0.1351,Astronomical Twilight,-16.1252,281.5687,36.7086,97.3609,21.6333,17.71,0.9648,Waning Crescent,True
2025-04-10,19:43:00,0.1356,Astronomical Twilight,-16.3668,281.624,36.9482,97.4291,21.6257,17.7,0.9648,Waning Crescent,True
2025-04-10,19:44:00,0.1361,Astronomical Twilight,-16.6084,281.6796,37.1878,97.4977,21.6181,17.7,0.9648,Waning Crescent,True
2025-04-10,19:45:00,0.1366,Astronomical Twilight,-16.85,281.7355,37.4273,97.5668,21.6105,17.69,0.9649,Waning Crescent,True
2025-04-10,19:46:00,0.1371,Astronomical Twilight,-17.0914,281.7917,37.6668,97.6363,21.6029,17.69,0.9649,Waning Crescent,True
2025-04-10,19:47:00,0.1376,Astronomical Twilight,-17.3329,281.8481,37.9063,97.7063,21.5953,17.68,0.9649,Waning Crescent,True
2025-04-10,19:48:00,0.1381,Astronomical Twilight,-17.5743,281.9049,38.1458,97.7768,21.5877,17.67,0.9649,Waning Crescent,True
2025-04-10,19:49:00,0.1386,Astronomical Twilight,-17.8156,281.9621,38.3852,97.8477,21.5801,17.67,0.965,Waning Crescent,True
2025-04-10,19:50:00,0.1392,Moonlit,-18.0569,282.0195,38.6246,97.9191,21.5725,17.66,0.965,Waning Crescent,True
2025-04-10,19:51:00,0.1399,Moonlit,-18.2981,282.0772,38.864,97.991,21.5649,17.66,0.965,Waning Crescent,True
2025-04-10,19:52:00,0.1407,Moonlit,-18.5393,282.1353,39.1033,98.0634,21.5573,17.65,0.965,Waning Crescent,True
2025-04-10,19:53:00,0.1414,Moonlit,-18.7805,282.1937,39.3426,98.1363,21.5497,17.65,0.965,Waning Crescent,False
2025-04-10,19:54:00,0.1421,Moonlit,-19.0215,282.2524,39.5819,98.2097,21.5421,17.64,0.9651,Waning Crescent,False
2025-04-10,19:55:00,0.1428,Moonlit,-19.2626,282.3115,39.8211,98.2836,21.5345,17.63,0.9651,Waning Crescent,False
2025-04-10,19:56:00,0.1436,Moonlit,-19.5035,282.3708,40.0603,98.3581,21.5269,17.63,0.9651,Waning Crescent,False
2025-04-10,19:57:00,0.1443,Moonlit,-19.7445,282.4306,40.2995,98.4331,21.5193,17.62,0.9651,Waning Crescent,False
2025-04-10,19:58:00,0.145,Moonlit,-19.9853,282.4906,40.5386,98.5086,21.5117,17.62,0.9652,Waning Crescent,False
2025-04-10,19:59:00,0.1457,Moonlit,-20.2261,282.5511,40.7777,98.5847,21.5041,17.61,0.9652,Waning Crescent,False
2025-04-10,20:00:00,0.1464,Moonlit,-20.4669,282.6118,41.0167,98.6614,21.4965,17.6,0.9652,Waning Crescent,False
2025-04-10,20:01:00,0.1471,Moonlit,-20.7075,282.6729,41.2557,98.7386,21.4889,17.6,0.9652,Waning Crescent,False
2025-04-10,20:02:00,0.1479,Moonlit,-20.9482,282.7344,41.4947,98.8164,21.4813,17.59,0.9653,Waning Crescent,False
2025-04-10,20:03:00,0.1486,Moonlit,-21.1888,282.7963,41.7336,98.8948,21.4737,17.59,0.9653,Waning Crescent,False
2025-04-10,20:04:00,0.1493,Moonlit,-21.4293,282.8585,41.9725,98.9738,21.4661,17.58,0.9653,Waning Crescent,False
2025-04-10,20:05:00,0.15,Moonlit,-21.6697,282.921,42.2113,99.0534,21.4585,17.57,0.9653,Waning Crescent,False
2025-04-10,20:06:00,0.1507,Moonlit,-21.9101,282.984,42.4501,99.1336,21.4509,17.57,0.9654,Waning Crescent,False
2025-04-10,20:07:00,0.1514,Moonlit,-22.1504,283.0473,42.6888,99.2144,21.4433,17.56,0.9654,Waning Crescent,False
2025-04-10,20:08:00,0.1521,Moonlit,-22.3907,283.111,42.9275,99.2959,21.4357,17.56,0.9654,Waning Crescent,False
2025-04-10,20:09:00,0.1527,Moonlit,-22.6309,283.1751,43.1661,99.378,21.4281,17.55,0.9654,Waning Crescent,False
2025-04-10,20:10:00,0.1534,Moonlit,-22.871,283.2396,43.4047,99.4608,21.4205,17.54,0.9655,Waning Crescent,False
2025-04-10,20:11:00,0.1541,Moonlit,-23.1111,283.3044,43.6433,99.5442,21.413,17.54,0.9655,Waning Crescent,False
2025-04-10,20:12:00,0.1548,Moonlit,-23.3511,283.3697,43.8818,99.6283,21.4054,17.53,0.9655,Waning Crescent,False
2025-04-10,20:13:00,0.1555,Moonlit,-23.5911,283.4354,44.1202,99.7131,21.3978,17.53,0.9655,Waning Crescent,False
2025-04-10,20:14:00,0.1562,Moonlit,-23.831,283.5015,44.3586,99.7987,21.3902,17.52,0.9656,Waning Crescent,False
2025-04-10,20:15:00,0.1568,Moonlit,-24.0708,283.568,44.5969,99.8849,21.3826,17.51,0.9656,Waning Crescent,False
2025-04-10,20:16:00,0.1575,Moonlit,-24.3105,283.6349,44.8352,99.9718,21.375,17.51,0.9656,Waning Crescent,False
2025-04-10,20:17:00,0.1582,Moonlit,-24.5502,283.7022,45.0734,100.0595,21.3674,17.5,0.9656,Waning Crescent,False
2025-04-10,20:18:00,0.1588,Moonlit,-24.7898,283.77,45.3116,100.1479,21.3598,17.5,0.9657,Waning Crescent,False
2025-04-10,20:19:00,0.1595,Moonlit,-25.0294,283.8381,45.5497,100.2371,21.3522,17.49,0.9657,Waning Crescent,False
2025-04-10,20:20:00,0.1602,Moonlit,-25.2688,283.9067,45.7877,100.3271,21.3446,17.49,0.9657,Waning Crescent,False
2025-04-10,20:21:00,0.1608,Moonlit,-25.5082,283.9758,46.0257,100.4178,21.337,17.48,0.9657,Waning Crescent,False
2025-04-10,20:22:00,0.1615,Moonlit,-25.7475,284.0453,46.2636,100.5094,21.3294,17.47,0.9658,Waning Crescent,False
2025-04-10,20:23:00,0.1621,Moonlit,-25.9868,284.1153,46.5014,100.6018,21.3218,17.47,0.9658,Waning Crescent,False
2025-04-10,20:24:00,0.1628,Moonlit,-26.226,284.1857,46.7392,100.695,21.3142,17.46,0.9658,Waning Crescent,False
2025-04-10,20:25:00,0.1634,Moonlit,-26.4651,284.2565,46.9769,100.789,21.3066,17.46,0.9658,Waning Crescent,False
2025-04-10,20:26:00,0.1641,Moonlit,-26.7041,284.3278,47.2146,100.8839,21.299,17.45,0.9658,Waning Crescent,False
2025-04-10,20:27:00,0.1647,Moonlit,-26.943,284.3996,47.4521,100.9796,21.2914,17.44,0.9659,Waning Crescent,False
2025-04-10,20:28:00,0.1653,Moonlit,-27.1819,284.4719,47.6897,101.0763,21.2838,17.44,0.9659,Waning Crescent,False
2025-04-10,20:29:00,0.166,Moonlit,-27.4207,284.5447,47.9271,101.1738,21.2762,17.43,0.9659,Waning Crescent,False
2025-04-10,20:30:00,0.1666,Moonlit,-27.6594,284.6179,48.1644,101.2723,21.2686,17.43,0.9659,Waning Crescent,False
2025-04-10,20:31:00,0.1672,Moonlit,-27.8981,284.6916,48.4017,101.3717,21.261,17.42,0.966,Waning Crescent,False
2025-04-10,20:32:00,0.1679,Moonlit,-28.1366,284.7659,48.6389,101.472,21.2534,17.41,0.966,Waning Crescent,False
2025-04-10,20:33:00,0.1685,Moonlit,-28.3751,284.8406,48.876,101.5733,21.2458,17.41,0.966,Waning Crescent,False
2025-04-10,20:34:00,0.1691,Moonlit,-28.6135,284.9158,49.1131,101.6756,21.2382,17.4,0.966,Waning Crescent,False
2025-04-10,20:35:00,0.1697,Moonlit,-28.8518,284.9916,49.35,101.7789,21.2306,17.4,0.9661,Waning Crescent,False
2025-04-10,20:36:00,0.1703,Moonlit,-29.09,285.0679,49.5869,101.8832,21.223,17.39,0.9661,Waning Crescent,False
2025-04-10,20:37:00,0.1709,Moonlit,-29.3281,285.1447,49.8237,101.9885,21.2154,17.38,0.9661,Waning Crescent,False
2025-04-10,20:38:00,0.1715,Moonlit,-29.5662,285.222,50.0604,102.0949,21.2078,17.38,0.9661,Waning Crescent,False
2025-04-10,20:39:00,0.1721,Moonlit,-29.8041,285.2999,50.297,102.2023,21.2002,17.37,0.9662,Waning Crescent,False
2025-04-10,20:40:00,0.1727,Moonlit,-30.042,285.3783,50.5335,102.3109,21.1926,17.37,0.9662,Waning Crescent,False
2025-04-10,20:41:00,0.1733,Moonlit,-30.2798,285.4573,50.7699,102.4206,21.185,17.36,0.9662,Waning Crescent,False
2025-04-10,20:42:00,0.1739,Moonlit,-30.5175,285.5368,51.0062,102.5314,21.1774,17.35,0.9662,Waning Crescent,False
2025-04-10,20:43:00,0.1745,Moonlit,-30.7551,285.6169,51.2424,102.6433,21.1698,17.35,0.9663,Waning Crescent,False
2025-04-10,20:44:00,0.1751,Moonlit,-30.9926,285.6976,51.4785,102.7564,21.1622,17.34,0.9663,Waning Crescent,False
2025-04-10,20:45:00,0.1757,Moonlit,-31.23,285.7788,51.7145,102.8707,21.1546,17.34,0.9663,Waning Crescent,False
2025-04-10,20:46:00,0.1763,Moonlit,-31.4673,285.8606,51.9505,102.9863,21.1471,17.33,0.9663,Waning Crescent,False
2025-04-10,20:47:00,0.1769,Moonlit,-31.7045,285.9431,52.1863,103.1031,21.1395,17.33,0.9664,Waning Crescent,False
2025-04-10,20:48:00,0.1774,Moonlit,-31.9416,286.0261,52.4219,103.2211,21.1319,17.32,0.9664,Waning Crescent,False
2025-04-10,20:49:00,0.178,Moonlit,-32.1786,286.1097,52.6575,103.3404,21.1243,17.31,0.9664,Waning Crescent,False
2025-04-10,20:50:00,0.1786,Moonlit,-32.4155,286.194,52.893,103.4611,21.1167,17.31,0.9664,Waning Crescent,False
2025-04-10,20:51:00,0.1791,Moonlit,-32.6523,286.2788,53.1283,103.5831,21.1091,17.3,0.9664,Waning Crescent,False
2025-04-10,20:52:00,0.1797,Moonlit,-32.8891,286.3643,53.3636,103.7064,21.1015,17.3,0.9665,Waning Crescent,False
2025-04-10,20:53:00,0.1803,Moonlit,-33.1257,286.4504,53.5987,103.8312,21.0939,17.29,0.9665,Waning Crescent,False
2025-04-10,20:54:00,0.1808,Moonlit,-33.3622,286.5372,53.8336,103.9573,21.0863,17.28,0.9665,Waning Crescent,False
2025-04-10,20:55:00,0.1814,Moonlit,-33.5985,286.6247,54.0685,104.0849,21.0787,17.28,0.9665,Waning Crescent,False
2025-04-10,20:56:00,0.1819,Moonlit,-33.8348,286.7127,54.3032,104.214,21.0711,17.27,0.9666,Waning Crescent,False
2025-04-10,20:57:00,0.1825,Moonlit,-34.071,286.8015,54.5378,104.3445,21.0635,17.27,0.9666,Waning Crescent,False
2025-04-10,20:58:00,0.183,Moonlit,-34.3071,286.8909,54.7723,104.4766,21.0559,17.26,0.9666,Waning Crescent,False
2025-04-10,20:59:00,0.1836,Moonlit,-34.543,286.9811,55.0066,104.6103,21.0483,17.25,0.9666,Waning Crescent,False
2025-04-10,21:00:00,0.1841,Moonlit,-34.7789,287.0719,55.2407,104.7456,21.0407,17.25,0.9667,Waning Crescent,False
2025-04-10,21:01:00,0.1846,Moonlit,-35.0146,287.1634,55.4748,104.8825,21.0331,17.24,0.9667,Waning Crescent,False
2025-04-10,21:02:00,0.1852,Moonlit,-35.2502,287.2556,55.7086,105.021,21.0255,17.24,0.9667,Waning Crescent,False
2025-04-10,21:03:00,0.1857,Moonlit,-35.4857,287.3486,55.9424,105.1612,21.0179,17.23,0.9667,Waning Crescent,False
2025-04-10,21:04:00,0.1862,Moonlit,-35.721,287.4423,56.1759,105.3032,21.0103,17.22,0.9668,Waning Crescent,False
2025-04-10,21:05:00,0.1867,Moonlit,-35.9563,287.5367,56.4093,105.4469,21.0027,17.22,0.9668,Waning Crescent,False
2025-04-10,21:06:00,0.1872,Moonlit,-36.1914,287.6319,56.6426,105.5924,20.9952,17.21,0.9668,Waning Crescent,False
2025-04-10,21:07:00,0.1878,Moonlit,-36.4264,287.7278,56.8756,105.7398,20.9876,17.21,0.9668,Waning Crescent,False
2025-04-10,21:08:00,0.1883,Moonlit,-36.6612,287.8245,57.1085,105.889,20.98,17.2,0.9669,Waning Crescent,False
2025-04-10,21:09:00,0.1888,Moonlit,-36.896,287.922,57.3413,106.0401,20.9724,17.2,0.9669,Waning Crescent,False
2025-04-10,21:10:00,0.1893,Moonlit,-37.1306,288.0203,57.5738,106.1932,20.9648,17.19,0.9669,Waning Crescent,False
2025-04-10,21:11:00,0.1898,Moonlit,-37.3651,288.1193,57.8062,106.3483,20.9572,17.18,0.9669,Waning Crescent,False
2025-04-10,21:12:00,0.1903,Moonlit,-37.5994,288.2192,58.0384,106.5054,20.9496,17.18,0.9669,Waning Crescent,False
2025-04-10,21:13:00,0.1908,Moonlit,-37.8336,288.3199,58.2704,106.6646,20.942,17.17,0.967,Waning Crescent,False
2025-04-10,21:14:00,0.1913,Moonlit,-38.0677,288.4214,58.5021,106.8259,20.9344,17.17,0.967,Waning Crescent,False
2025-04-10,21:15:00,0.1917,Moonlit,-38.3016,288.5238,58.7337,106.9894,20.9268,17.16,0.967,Waning Crescent,False
2025-04-10,21:16:00,0.1922,Moonlit,-38.5354,288.627,58.9651,107.1551,20.9192,17.15,0.967,Waning Crescent,False
2025-04-10,21:17:00,0.1927,Moonlit,-38.7691,288.7311,59.1963,107.323,20.9116,17.15,0.9671,Waning Crescent,False
2025-04-10,21:18:00,0.1932,Moonlit,-39.0026,288.836,59.4272,107.4933,20.904,17.14,0.9671,Waning Crescent,False
2025-04-10,21:19:00,0.1936,Moonlit,-39.2359,288.9418,59.658,107.666,20.8964,17.14,0.9671,Waning Crescent,False
2025-04-10,21:20:00,0.1941,Moonlit,-39.4691,289.0486,59.8885,107.841,20.8888,17.13,0.9671,Waning Crescent,False
2025-04-10,21:21:00,0.1946,Moonlit,-39.7022,289.1562,60.1188,108.0186,20.8812,17.12,0.9672,Waning Crescent,False
2025-04-10,21:22:00,0.195,Moonlit,-39.9351,289.2648,60.3488,108.1986,20.8737,17.12,0.9672,Waning Crescent,False
2025-04-10,21:23:00,0.1955,Moonlit,-40.1678,289.3743,60.5786,108.3813,20.8661,17.11,0.9672,Waning Crescent,False
2025-04-10,21:24:00,0.1959,Moonlit,-40.4004,289.4847,60.8081,108.5666,20.8585,17.11,0.9672,Waning Crescent,False
2025-04-10,21:25:00,0.1964,Moonlit,-40.6328,289.5961,61.0374,108.7546,20.8509,17.1,0.9673,Waning Crescent,False
2025-04-10,21:26:00,0.1968,Moonlit,-40.8651,289.7085,61.2664,108.9454,20.8433,17.1,0.9673,Waning Crescent,False
2025-04-10,21:27:00,0.1973,Moonlit,-41.0972,289.8219,61.4952,109.139,20.8357,17.09,0.9673,Waning Crescent,False
2025-04-10,21:28:00,0.1977,Moonlit,-41.3291,289.9363,61.7237,109.3355,20.8281,17.08,0.9673,Waning Crescent,False
2025-04-10,21:29:00,0.1982,Moonlit,-41.5609,290.0516,61.9519,109.5349,20.8205,17.08,0.9673,Waning Crescent,False
2025-04-10,21:30:00,0.1986,Moonlit,-41.7925,290.1681,62.1798,109.7374,20.8129,17.07,0.9674,Waning Crescent,False
2025-04-10,21:31:00,0.199,Moonlit,-42.0239,290.2855,62.4074,109.943,20.8053,17.07,0.9674,Waning Crescent,False
2025-04-10,21:32:00,0.1994,Moonlit,-42.2552,290.404,62.6347,110.1518,20.7977,17.06,0.9674,Waning Crescent,False
2025-04-10,21:33:00,0.1999,Moonlit,-42.4862,290.5236,62.8616,110.3638,20.7901,17.05,0.9674,Waning Crescent,False
2025-04-10,21:34:00,0.2003,Moonlit,-42.7171,290.6443,63.0883,110.5792,20.7825,17.05,0.9675,Waning Crescent,False
2025-04-10,21:35:00,0.2007,Moonlit,-42.9478,290.766,63.3146,110.7979,20.775,17.04,0.9675,Waning Crescent,False
2025-04-10,21:36:00,0.2011,Moonlit,-43.1783,290.8889,63.5406,111.0202,20.7674,17.04,0.9675,Waning Crescent,False
2025-04-10,21:37:00,0.2015,Moonlit,-43.4086,291.0129,63.7663,111.2461,20.7598,17.03,0.9675,Waning Crescent,False
2025-04-10,21:38:00,0.2019,Moonlit,-43.6388,291.1381,63.9916,111.4756,20.7522,17.02,0.9676,Waning Crescent,False
2025-04-10,21:39:00,0.2023,Moonlit,-43.8687,291.2644,64.2165,111.7089,20.7446,17.02,0.9676,Waning Crescent,False
2025-04-10,21:40:00,0.2027,Moonlit,-44.0984,291.3919,64.441,111.946,20.737,17.01,0.9676,Waning Crescent,False
2025-04-10,21:41:00,0.2031,Moonlit,-44.328,291.5206,64.6652,112.1871,20.7294,17.01,0.9676,Waning Crescent,False
2025-04-10,21:42:00,0.2035,Moonlit,-44.5573,291.6505,64.8889,112.4322,20.7218,17.0,0.9677,Waning Crescent,False
2025-04-10,21:43:00,0.2039,Moonlit,-44.7864,291.7817,65.1123,112.6815,20.7142,17.0,0.9677,Waning Crescent,False
2025-04-10,21:44:00,0.2043,Moonlit,-45.0153,291.9141,65.3352,112.9351,20.7066,16.99,0.9677,Waning Crescent,False
2025-04-10,21:45:00,0.2046,Moonlit,-45.244,292.0478,65.5577,113.193,20.699,16.98,0.9677,Waning Crescent,False
2025-04-10,21:46:00,0.205,Moonlit,-45.4725,292.1827,65.7797,113.4554,20.6914,16.98,0.9677,Waning Crescent,False
2025-04-10,21:47:00,0.2054,Moonlit,-45.7007,292.319,66.0013,113.7224,20.6839,16.97,0.9678,Waning Crescent,False
2025-04-10,21:48:00,0.2057,Moonlit,-45.9288,292.4566,66.2224,113.9941,20.6763,16.97,0.9678,Waning Crescent,False
2025-04-10,21:49:00,0.2061,Moonlit,-46.1566,292.5955,66.4431,114.2706,20.6687,16.96,0.9678,Waning Crescent,False
2025-04-10,21:50:00,0.2065,Moonlit,-46.3842,292.7358,66.6632,114.5521,20.6611,16.95,0.9678,Waning Crescent,False
2025-04-10,21:51:00,0.2068,Moonlit,-46.6115,292.8775,66.8828,114.8387,20.6535,16.95,0.9679,Waning Crescent,False
2025-04-10,21:52:00,0.2072,Moonlit,-46.8386,293.0206,67.1019,115.1305,20.6459,16.94,0.9679,Waning Crescent,False
2025-04-10,21:53:00,0.2075,Moonlit,-47.0654,293.1651,67.3204,115.4276,20.6383,16.94,0.9679,Waning Crescent,False
2025-04-10,21:54:00,0.2079,Moonlit,-47.292,293.3111,67.5384,115.7303,20.6307,16.93,0.9679,Waning Crescent,False
2025-04-10,21:55:00,0.2082,Moonlit,-47.5184,293.4585,67.7558,116.0387,20.6231,16.92,0.968,Waning Crescent,False
2025-04-10,21:56:00,0.2085,Moonlit,-47.7445,293.6074,67.9726,116.3528,20.6155,16.92,0.968,Waning Crescent,False
2025-04-10,21:57:00,0.2089,Moonlit,-47.9703,293.7578,68.1888,116.6729,20.6079,16.91,0.968,Waning Crescent,False
2025-04-10,21:58:00,0.2092,Moonlit,-48.1959,293.9098,68.4044,116.9991,20.6004,16.91,0.968,Waning Crescent,False
2025-04-10,21:59:00,0.2095,Moonlit,-48.4212,294.0633,68.6193,117.3317,20.5928,16.9,0.9681,Waning Crescent,False
2025-04-10,22:00:00,0.2098,Moonlit,-48.6463,294.2184,68.8336,117.6707,20.5852,16.9,0.9681,Waning Crescent,False
2025-04-10,22:01:00,0.2102,Moonlit,-48.871,294.3752,69.0471,118.0163,20.5776,16.89,0.9681,Waning Crescent,False
2025-04-10,22:02:00,0.2105,Moonlit,-49.0955,294.5335,69.26,118.3688,20.57,16.88,0.9681,Waning Crescent,False
2025-04-10,22:03:00,0.2108,Moonlit,-49.3197,294.6935,69.4721,118.7283,20.5624,16.88,0.9681,Waning Crescent,False
2025-04-10,22:04:00,0.2111,Moonlit,-49.5436,294.8552,69.6834,119.0949,20.5548,16.87,0.9682,Waning Crescent,False
2025-04-10,22:05:00,0.2114,Moonlit,-49.7672,295.0186,69.894,119.469,20.5472,16.87,0.9682,Waning Crescent,False
2025-04-10,22:06:00,0.2117,Moonlit,-49.9906,295.1837,70.1038,119.8508,20.5396,16.86,0.9682,Waning Crescent,False
2025-04-10,22:07:00,0.212,Moonlit,-50.2136,295.3506,70.3127,120.2403,20.532,16.85,0.9682,Waning Crescent,False
2025-04-10,22:08:00,0.2123,Moonlit,-50.4363,295.5193,70.5208,120.6379,20.5245,16.85,0.9683,Waning Crescent,False
2025-04-10,22:09:00,0.2125,Moonlit,-50.6587,295.6898,70.7279,121.0438,20.5169,16.84,0.9683,Waning Crescent,False
2025-04-10,22:10:00,0.2128,Moonlit,-50.8807,295.8621,70.9342,121.4582,20.5093,16.84,0.9683,Waning Crescent,False
2025-04-10,22:11:00,0.2131,Moonlit,-51.1025,296.0363,71.1395,121.8814,20.5017,16.83,0.9683,Waning Crescent,False
2025-04-10,22:12:00,0.2134,Moonlit,-51.3239,296.2125,71.3438,122.3135,20.4941,16.82,0.9684,Waning Crescent,False
2025-04-10,22:13:00,0.2136,Moonlit,-51.5449,296.3905,71.5471,122.7549,20.4865,16.82,0.9684,Waning Crescent,False
2025-04-10,22:14:00,0.2139,Moonlit,-51.7657,296.5705,71.7494,123.2058,20.4789,16.81,0.9684,Waning Crescent,False
2025-04-10,22:15:00,0.2142,Moonlit,-51.986,296.7525,71.9505,123.6665,20.4713,16.81,0.9684,Waning Crescent,False
2025-04-10,22:16:00,0.2144,Moonlit,-52.2061,296.9366,72.1506,124.1372,20.4637,16.8,0.9684,Waning Crescent,False
2025-04-10,22:17:00,0.2147,Moonlit,-52.4257,297.1227,72.3495,124.6183,20.4562,16.8,0.9685,Waning Crescent,False
2025-04-10,22:18:00,0.2149,Moonlit,-52.645,297.3108,72.5472,125.11,20.4486,16.79,0.9685,Waning Crescent,False
2025-04-10,22:19:00,0.2152,Moonlit,-52.8639,297.5012,72.7436,125.6127,20.441,16.78,0.9685,Waning Crescent,False
2025-04-10,22:20:00,0.2154,Moonlit,-53.0824,297.6936,72.9388,126.1266,20.4334,16.78,0.9685,Waning Crescent,False
2025-04-10,22:21:00,0.2157,Moonlit,-53.3006,297.8883,73.1326,126.652,20.4258,16.77,0.9686,Waning Crescent,False
2025-04-10,22:22:00,0.2159,Moonlit,-53.5183,298.0852,73.3251,127.1893,20.4182,16.77,0.9686,Waning Crescent,False
2025-04-10,22:23:00,0.2161,Moonlit,-53.7357,298.2844,73.5161,127.7388,20.4106,16.76,0.9686,Waning Crescent,False
2025-04-10,22:24:00,0.2163,Moonlit,-53.9526,298.4858,73.7057,128.3008,20.403,16.75,0.9686,Waning Crescent,False
2025-04-10,22:25:00,0.2166,Moonlit,-54.1692,298.6896,73.8937,128.8757,20.3955,16.75,0.9687,Waning Crescent,False
2025-04-10,22:26:00,0.2168,Moonlit,-54.3853,298.8958,74.0802,129.4638,20.3879,16.74,0.9687,Waning Crescent,False
2025-04-10,22:27:00,0.217,Moonlit,-54.6009,299.1044,74.265,130.0655,20.3803,16.74,0.9687,Waning Crescent,False
2025-04-10,22:28:00,0.2172,Moonlit,-54.8161,299.3155,74.4481,130.6811,20.3727,16.73,0.9687,Waning Crescent,False
2025-04-10,22:29:00,0.2174,Moonlit,-55.0309,299.5291,74.6295,131.311,20.3651,16.72,0.9687,Waning Crescent,False
2025-04-10,22:30:00,0.2176,Moonlit,-55.2452,299.7451,74.809,131.9556,20.3575,16.72,0.9688,Waning Crescent,False
2025-04-10,22:31:00,0.2178,Moonlit,-55.4591,299.9638,74.9867,132.6151,20.3499,16.71,0.9688,Waning Crescent,False
2025-04-10,22:32:00,0.218,Moonlit,-55.6725,300.1851,75.1624,133.2901,20.3423,16.71,0.9688,Waning Crescent,False
2025-04-10,22:33:00,0.2182,Moonlit,-55.8854,300.4091,75.3361,133.9809,20.3347,16.7,0.9688,Waning Crescent,False
2025-04-10,22:34:00,0.2184,Moonlit,-56.0978,300.6358,75.5077,134.6878,20.3272,16.7,0.9689,Waning Crescent,False
2025-04-10,22:35:00,0.2186,Moonlit,-56.3097,300.8652,75.6771,135.4112,20.3196,16.69,0.9689,Waning Crescent,False
2025-04-10,22:36:00,0.2187,Moonlit,-56.5211,301.0974,75.8442,136.1515,20.312,16.68,0.9689,Waning Crescent,False
2025-04-10,22:37:00,0.2189,Moonlit,-56.7319,301.3325,76.009,136.9091,20.3044,16.68,0.9689,Waning Crescent,False
2025-04-10,22:38:00,0.2191,Moonlit,-56.9423,301.5705,76.1715,137.6843,20.2968,16.67,0.969,Waning Crescent,False
2025-04-10,22:39:00,0.2192,Moonlit,-57.1521,301.8114,76.3314,138.4774,20.2892,16.67,0.969,Waning Crescent,False
2025-04-10,22:40:00,0.2194,Moonlit,-57.3613,302.0553,76.4887,139.2889,20.2816,16.66,0.969,Waning Crescent,False
2025-04-10,22:41:00,0.2196,Moonlit,-57.57,302.3022,76.6433,140.1191,20.2741,16.65,0.969,Waning Crescent,False
2025-04-10,22:42:00,0.2197,Moonlit,-57.7781,302.5523,76.7952,140.9682,20.2665,16.65,0.969,Waning Crescent,False
2025-04-10,22:43:00,0.2199,Moonlit,-57.9857,302.8055,76.9441,141.8366,20.2589,16.64,0.9691,Waning Crescent,False
2025-04-10,22:44:00,0.22,Moonlit,-58.1926,303.0619,77.0901,142.7245,20.2513,16.64,0.9691,Waning Crescent,False
2025-04-10,22:45:00,0.2201,Moonlit,-58.3989,303.3215,77.2331,143.6323,20.2437,16.63,0.9691,Waning Crescent,False
2025-04-10,22:46:00,0.2203,Moonlit,-58.6046,303.5844,77.3728,144.56,20.2361,16.63,0.9691,Waning Crescent,False
2025-04-10,22:47:00,0.2204,Moonlit,-58.8097,303.8507,77.5093,145.5081,20.2285,16.62,0.9692,Waning Crescent,False
2025-04-10,22:48:00,0.2205,Moonlit,-59.0142,304.1204,77.6423,146.4765,20.2209,16.61,0.9692,Waning Crescent,False
2025-04-10,22:49:00,0.2207,Moonlit,-59.2179,304.3936,77.7719,147.4654,20.2134,16.61,0.9692,Waning Crescent,False
2025-04-10,22:50:00,0.2208,Moonlit,-59.421,304.6703,77.8978,148.475,20.2058,16.6,0.9692,Waning Crescent,False
2025-04-10,22:51:00,0.2209,Moonlit,-59.6235,304.9506,78.02,149.5052,20.1982,16.6,0.9693,Waning Crescent,False
2025-04-10,22:52:00,0.221,Moonlit,-59.8252,305.2346,78.1383,150.556,20.1906,16.59,0.9693,Waning Crescent,False
2025-04-10,22:53:00,0.2211,Moonlit,-60.0262,305.5222,78.2527,151.6274,20.183,16.58,0.9693,Waning Crescent,False
2025-04-10,22:54:00,0.2212,Moonlit,-60.2265,305.8137,78.3629,152.7192,20.1754,16.58,0.9693,Waning Crescent,False
2025-04-10,22:55:00,0.2213,Moonlit,-60.4261,306.1089,78.469,153.8313,20.1678,16.57,0.9693,Waning Crescent,False
2025-04-10,22:56:00,0.2214,Moonlit,-60.6249,306.4081,78.5708,154.9634,20.1603,16.57,0.9694,Waning Crescent,False
2025-04-10,22:57:00,0.2215,Moonlit,-60.8229,306.7112,78.6681,156.1151,20.1527,16.56,0.9694,Waning Crescent,False
2025-04-10,22:58:00,0.2216,Moonlit,-61.0201,307.0184,78.7608,157.2861,20.1451,16.55,0.9694,Waning Crescent,False
2025-04-10,22:59:00,0.2217,Moonlit,-61.2166,307.3296,78.8489,158.4759,20.1375,16.55,0.9694,Waning Crescent,False
2025-04-10,23:00:00,0.2218,Moonlit,-61.4122,307.6451,78.9322,159.684,20.1299,16.54,0.9695,Waning Crescent,False
2025-04-10,23:01:00,0.2218,Moonlit,-61.607,307.9647,79.0107,160.9096,20.1223,16.54,0.9695,Waning Crescent,False
2025-04-10,23:02:00,0.2219,Moonlit,-61.8009,308.2886,79.0841,162.1521,20.1147,16.53,0.9695,Waning Crescent,False
2025-04-10,23:03:00,0.222,Moonlit,-61.9939,308.6169,79.1525,163.4107,20.1072,16.53,0.9695,Waning Crescent,False
2025-04-10,23:04:00,0.222,Moonlit,-62.1861,308.9497,79.2156,164.6845,20.0996,16.52,0.9695,Waning Crescent,False
2025-04-10,23:05:00,0.2221,Moonlit,-62.3774,309.287,79.2735,165.9725,20.092,16.51,0.9696,Waning Crescent,False
2025-04-10,23:06:00,0.2221,Moonlit,-62.5677,309.6288,79.326,167.2737,20.0844,16.51,0.9696,Waning Crescent,False
2025-04-10,23:07:00,0.2222,Moonlit,-62.7571,309.9753,79.373,168.5869,20.0768,16.5,0.9696,Waning Crescent,False
2025-04-10,23:08:00,0.2222,Moonlit,-62.9455,310.3265,79.4145,169.9111,20.0692,16.5,0.9696,Waning Crescent,False
2025-04-10,23:09:00,0.2223,Moonlit,-63.1329,310.6826,79.4505,171.2449,20.0617,16.49,0.9697,Waning Crescent,False
2025-04-10,23:10:00,0.2223,Moonlit,-63.3193,311.0435,79.4808,172.587,20.0541,16.48,0.9697,Waning Crescent,False
2025-04-10,23:11:00,0.2223,Moonlit,-63.5047,311.4094,79.5054,173.9361,20.0465,16.48,0.9697,Waning Crescent,False
2025-04-10,23:12:00,0.2224,Moonlit,-63.6891,311.7803,79.5243,175.2907,20.0389,16.47,0.9697,Waning Crescent,False
2025-04-10,23:13:00,0.2224,Moonlit,-63.8724,312.1563,79.5374,176.6494,20.0313,16.47,0.9698,Waning Crescent,False
2025-04-10,23:14:00,0.2224,Moonlit,-64.0545,312.5375,79.5447,178.0107,20.0237,16.46,0.9698,Waning Crescent,False
2025-04-10,23:15:00,0.2224,Moonlit,-64.2356,312.9239,79.5462,179.3732,20.0161,16.46,0.9698,Waning Crescent,False
2025-04-10,23:16:00,0.2224,Moonlit,-64.4155,313.3158,79.5419,180.7353,20.0086,16.45,0.9698,Waning Crescent,False
2025-04-10,23:17:00,0.2225,Moonlit,-64.5943,313.713,79.5318,182.0956,20.001,16.44,0.9698,Waning Crescent,False
2025-04-10,23:18:00,0.2225,Moonlit,-64.7718,314.1157,79.516,183.4525,19.9934,16.44,0.9699,Waning Crescent,False
2025-04-10,23:19:00,0.2225,Moonlit,-64.9482,314.524,79.4944,184.8046,19.9858,16.43,0.9699,Waning Crescent,False
2025-04-10,23:20:00,0.2225,Moonlit,-65.1233,314.938,79.4671,186.1506,19.9782,16.43,0.9699,Waning Crescent,False
2025-04-10,23:21:00,0.2224,Moonlit,-65.2971,315.3577,79.4341,187.4888,19.9706,16.42,0.9699,Waning Crescent,False
2025-04-10,23:22:00,0.2224,Moonlit,-65.4696,315.7833,79.3954,188.8182,19.9631,16.41,0.97,Waning Crescent,False
2025-04-10,23:23:00,0.2224,Moonlit,-65.6408,316.2147,79.3513,190.1373,19.9555,16.41,0.97,Waning Crescent,False
2025-04-10,23:24:00,0.2224,Moonlit,-65.8107,316.6521,79.3016,191.4449,19.9479,16.4,0.97,Waning Crescent,False
2025-04-10,23:25:00,0.2224,Moonlit,-65.9792,317.0955,79.2466,192.7399,19.9403,16.4,0.97,Waning Crescent,False
2025-04-10,23:26:00,0.2223,Moonlit,-66.1462,317.5451,79.1861,194.0212,19.9327,16.39,0.97,Waning Crescent,False
2025-04-10,23:27:00,0.2223,Moonlit,-66.3119,318.0009,79.1205,195.2878,19.9251,16.39,0.9701,Waning Crescent,False
2025-04-10,23:28:00,0.2223,Moonlit,-66.476,318.463,79.0497,196.5388,19.9176,16.38,0.9701,Waning Crescent,False
2025-04-10,23:29:00,0.2222,Moonlit,-66.6387,318.9314,78.9739,197.7733,19.91,16.37,0.9701,Waning Crescent,False
2025-04-10,23:30:00,0.2222,Moonlit,-66.7998,319.4063,78.8931,198.9906,19.9024,16.37,0.9701,Waning Crescent,False
2025-04-10,23:31:00,0.2221,Moonlit,-66.9593,319.8876,78.8075,200.1899,19.8948,16.36,0.9702,Waning Crescent,False
2025-04-10,23:32:00,0.2221,Moonlit,-67.1173,320.3756,78.7171,201.3707,19.8872,16.36,0.9702,Waning Crescent,False
2025-04-10,23:33:00,0.222,Moonlit,-67.2736,320.8701,78.6222,202.5325,19.8796,16.35,0.9702,Waning Crescent,False
2025-04-10,23:34:00,0.222,Moonlit,-67.4283,321.3714,78.5227,203.6748,19.8721,16.34,0.9702,Waning Crescent,False
2025-04-10,23:35:00,0.2219,Moonlit,-67.5813,321.8795,78.4189,204.7973,19.8645,16.34,0.9702,Waning Crescent,False
2025-04-10,23:36:00,0.2218,Moonlit,-67.7325,322.3944,78.3108,205.8997,19.8569,16.33,0.9703,Waning Crescent,False
2025-04-10,23:37:00,0.2217,Moonlit,-67.882,322.9162,78.1985,206.9816,19.8493,16.33,0.9703,Waning Crescent,False
2025-04-10,23:38:00,0.2217,Moonlit,-68.0296,323.4449,78.0822,208.0431,19.8417,16.32,0.9703,Waning Crescent,False
2025-04-10,23:39:00,0.2216,Moonlit,-68.1754,323.9807,77.962,209.0839,19.8342,16.32,0.9703,Waning Crescent,False
2025-04-10,23:40:00,0.2215,Moonlit,-68.3194,324.5235,77.838,210.1041,19.8266,16.31,0.9704,Waning Crescent,False
2025-04-10,23:41:00,0.2214,Moonlit,-68.4614,325.0734,77.7103,211.1037,19.819,16.3,0.9704,Waning Crescent,False
2025-04-10,23:42:00,0.2213,Moonlit,-68.6015,325.6305,77.579,212.0826,19.8114,16.3,0.9704,Waning Crescent,False
2025-04-10,23:43:00,0.2212,Moonlit,-68.7395,326.1947,77.4443,213.0411,19.8038,16.29,0.9704,Waning Crescent,False
2025-04-10,23:44:00,0.2211,Moonlit,-68.8756,326.7662,77.3063,213.9792,19.7962,16.29,0.9705,Waning Crescent,False
2025-04-10,23:45:00,0.221,Moonlit,-69.0095,327.3449,77.165,214.8972,19.7887,16.28,0.9705,Waning Crescent,False
2025-04-10,23:46:00,0.2209,Moonlit,-69.1414,327.9309,77.0205,215.7953,19.7811,16.27,0.9705,Waning Crescent,False
2025-04-10,23:47:00,0.2208,Moonlit,-69.2711,328.5242,76.8731,216.6736,19.7735,16.27,0.9705,Waning Crescent,False
2025-04-10,23:48:00,0.2206,Moonlit,-69.3986,329.1248,76.7227,217.5325,19.7659,16.26,0.9705,Waning Crescent,False
2025-04-10,23:49:00,0.2205,Moonlit,-69.5238,329.7328,76.5694,218.3723,19.7583,16.26,0.9706,Waning Crescent,False
2025-04-10,23:50:00,0.2204,Moonlit,-69.6468,330.348,76.4135,219.1932,19.7508,16.25,0.9706,Waning Crescent,False
2025-04-10,23:51:00,0.2203,Moonlit,-69.7675,330.9706,76.2549,219.9956,19.7432,16.25,0.9706,Waning Crescent,False
2025-04-10,23:52:00,0.2201,Moonlit,-69.8858,331.6005,76.0937,220.7799,19.7356,16.24,0.9706,Waning Crescent,False
2025-04-10,23:53:00,0.22,Moonlit,-70.0017,332.2376,75.9301,221.5463,19.728,16.23,0.9707,Waning Crescent,False
2025-04-10,23:54:00,0.2198,Moonlit,-70.1152,332.8821,75.7641,222.2952,19.7204,16.23,0.9707,Waning Crescent,False
2025-04-10,23:55:00,0.2197,Moonlit,-70.2262,333.5337,75.5958,223.0271,19.7129,16.22,0.9707,Waning Crescent,False
2025-04-10,23:56:00,0.2195,Moonlit,-70.3346,334.1926,75.4253,223.7422,19.7053,16.22,0.9707,Waning Crescent,False
2025-04-10,23:57:00,0.2194,Moonlit,-70.4405,334.8586,75.2526,224.441,19.6977,16.21,0.9707,Waning Crescent,False
2025-04-10,23:58:00,0.2192,Moonlit,-70.5438,335.5316,75.0779,225.1238,19.6901,16.2,0.9708,Waning Crescent,False
2025-04-10,23:59:00,0.219,Moonlit,-70.6444,336.2117,74.9012,225.791,19.6825,16.2,0.9708,Waning Crescent,False
2025-04-11,00:00:00,0.2189,Moonlit,-70.7424,336.8987,74.7226,226.4429,19.675,16.19,0.9708,Waning Crescent,False
2025-04-11,00:01:00,0.2187,Moonlit,-70.8376,337.5926,74.5421,227.08,19.6674,16.19,0.9708,Waning Crescent,False
2025-04-11,00:02:00,0.2185,Moonlit,-70.93,338.2932,74.3599,227.7026,19.6598,16.18,0.9709,Waning Crescent,False
2025-04-11,00:03:00,0.2183,Moonlit,-71.0196,339.0004,74.1758,228.311,19.6522,16.18,0.9709,Waning Crescent,False
2025-04-11,00:04:00,0.2181,Moonlit,-71.1063,339.7142,73.9902,228.9057,19.6446,16.17,0.9709,Waning Crescent,False
2025-04-11,00:05:00,0.218,Moonlit,-71.1902,340.4344,73.8029,229.487,19.637,16.16,0.9709,Waning Crescent,False
2025-04-11,00:06:00,0.2178,Moonlit,-71.2711,341.1608,73.614,230.0552,19.6295,16.16,0.9709,Waning Crescent,False
2025-04-11,00:07:00,0.2176,Moonlit,-71.349,341.8934,73.4237,230.6107,19.6219,16.15,0.971,Waning Crescent,False
2025-04-11,00:08:00,0.2174,Moonlit,-71.4239,342.632,73.2319,231.1538,19.6143,16.15,0.971,Waning Crescent,False
2025-04-11,00:09:00,0.2172,Moonlit,-71.4958,343.3763,73.0387,231.6848,19.6067,16.14,0.971,Waning Crescent,False
2025-04-11,00:10:00,0.2169,Moonlit,-71.5646,344.1263,72.8441,232.2042,19.5992,16.13,0.971,Waning Crescent,False
2025-04-11,00:11:00,0.2167,Moonlit,-71.6303,344.8817,72.6483,232.7121,19.5916,16.13,0.9711,Waning Crescent,False
2025-04-11,00:12:00,0.2165,Moonlit,-71.6928,345.6423,72.4512,233.2089,19.584,16.12,0.9711,Waning Crescent,False
2025-04-11,00:13:00,0.2163,Moonlit,-71.7521,346.408,72.2528,233.6949,19.5764,16.12,0.9711,Waning Crescent,False
2025-04-11,00:14:00,0.2161,Moonlit,-71.8082,347.1784,72.0533,234.1704,19.5688,16.11,0.9711,Waning Crescent,False
2025-04-11,00:15:00,0.2158,Moonlit,-71.8611,347.9535,71.8526,234.6357,19.5613,16.11,0.9711,Waning Crescent,False
2025-04-11,00:16:00,0.2156,Moonlit,-71.9107,348.7329,71.6508,235.091,19.5537,16.1,0.9712,Waning Crescent,False
2025-04-11,00:17:00,0.2153,Moonlit,-71.957,349.5164,71.448,235.5367,19.5461,16.09,0.9712,Waning Crescent,False
2025-04-11,00:18:00,0.2151,Moonlit,-72.0,350.3038,71.2441,235.973,19.5385,16.09,0.9712,Waning Crescent,False
2025-04-11,00:19:00,0.2149,Moonlit,-72.0396,351.0947,71.0392,236.4001,19.5309,16.08,0.9712,Waning Crescent,False
2025-04-11,00:20:00,0.2146,Moonlit,-72.0759,351.889,70.8333,236.8184,19.5234,16.08,0.9713,Waning Crescent,False
2025-04-11,00:21:00,0.2143,Moonlit,-72.1087,352.6862,70.6265,237.228,19.5158,16.07,0.9713,Waning Crescent,False
2025-04-11,00:22:00,0.2141,Moonlit,-72.1382,353.4863,70.4189,237.6292,19.5082,16.06,0.9713,Waning Crescent,False
2025-04-11,00:23:00,0.2138,Moonlit,-72.1642,354.2888,70.2103,238.0222,19.5006,16.06,0.9713,Waning Crescent,False
2025-04-11,00:24:00,0.2136,Moonlit,-72.1868,355.0935,70.0009,238.4072,19.493,16.05,0.9713,Waning Crescent,False
2025-04-11,00:25:00,0.2133,Moonlit,-72.2059,355.9,69.7906,238.7845,19.4855,16.05,0.9714,Waning Crescent,False
2025-04-11,00:26:00,0.213,Moonlit,-72.2215,356.7082,69.5796,239.1543,19.4779,16.04,0.9714,Waning Crescent,False
2025-04-11,00:27:00,0.2127,Moonlit,-72.2337,357.5175,69.3677,239.5167,19.4703,16.04,0.9714,Waning Crescent,False
2025-04-11,00:28:00,0.2124,Moonlit,-72.2424,358.3278,69.1552,239.8721,19.4627,16.03,0.9714,Waning Crescent,False
2025-04-11,00:29:00,0.2122,Moonlit,-72.2476,359.1388,68.9419,240.2204,19.4552,16.02,0.9715,Waning Crescent,False
2025-04-11,00:30:00,0.2119,Moonlit,-72.2493,359.95,68.7279,240.5621,19.4476,16.02,0.9715,Waning Crescent,False
2025-04-11,00:31:00,0.2116,Moonlit,-72.2475,0.7613,68.5132,240.8971,19.44,16.01,0.9715,Waning Crescent,False
2025-04-11,00:32:00,0.2113,Moonlit,-72.2422,1.5722,68.2978,241.2258,19.4324,16.01,0.9715,Waning Crescent,False
2025-04-11,00:33:00,0.211,Moonlit,-72.2335,2.3825,68.0818,241.5482,19.4248,16.0,0.9715,Waning Crescent,False
2025-04-11,00:34:00,0.2107,Moonlit,-72.2212,3.1918,67.8652,241.8645,19.4173,15.99,0.9716,Waning Crescent,False
2025-04-11,00:35:00,0.2103,Moonlit,-72.2055,3.9999,67.648,242.175,19.4097,15.99,0.9716,Waning Crescent,False
2025-04-11,00:36:00,0.21,Moonlit,-72.1863,4.8064,67.4302,242.4797,19.4021,15.98,0.9716,Waning Crescent,False
2025-04-11,00:37:00,0.2097,Moonlit,-72.1636,5.611,67.2118,242.7788,19.3945,15.98,0.9716,Waning Crescent,False
2025-04-11,00:38:00,0.2094,Moonlit,-72.1376,6.4135,66.9929,243.0725,19.387,15.97,0.9716,Waning Crescent,False
2025-04-11,00:39:00,0.2091,Moonlit,-72.108,7.2135,66.7734,243.3609,19.3794,15.97,0.9717,Waning Crescent,False
2025-04-11,00:40:00,0.2087,Moonlit,-72.0751,8.0107,66.5534,243.644,19.3718,15.96,0.9717,Waning Crescent,False
2025-04-11,00:41:00,0.2084,Moonlit,-72.0388,8.8049,66.3329,243.9222,19.3642,15.95,0.9717,Waning Crescent,False
2025-04-11,00:42:00,0.208,Moonlit,-71.9991,9.5957,66.1119,244.1954,19.3566,15.95,0.9717,Waning Crescent,False
2025-04-11,00:43:00,0.2077,Moonlit,-71.956,10.383,65.8905,244.4638,19.3491,15.94,0.9718,Waning Crescent,False
2025-04-11,00:44:00,0.2074,Moonlit,-71.9096,11.1664,65.6685,244.7276,19.3415,15.94,0.9718,Waning Crescent,False
2025-04-11,00:45:00,0.207,Moonlit,-71.86,11.9457,65.4461,244.9868,19.3339,15.93,0.9718,Waning Crescent,False
2025-04-11,00:46:00,0.2067,Moonlit,-71.807,12.7206,65.2233,245.2416,19.3263,15.92,0.9718,Waning Crescent,False
2025-04-11,00:47:00,0.2063,Moonlit,-71.7508,13.491,65.0,245.492,19.3188,15.92,0.9718,Waning Crescent,False
2025-04-11,00:48:00,0.2059,Moonlit,-71.6914,14.2565,64.7763,245.7383,19.3112,15.91,0.9719,Waning Crescent,False
2025-04-11,00:49:00,0.2056,Moonlit,-71.6288,15.017,64.5523,245.9804,19.3036,15.91,0.9719,Waning Crescent,False
2025-04-11,00:50:00,0.2052,Moonlit,-71.5631,15.7722,64.3278,246.2185,19.296,15.9,0.9719,Waning Crescent,False
2025-04-11,00:51:00,0.2048,Moonlit,-71.4942,16.5221,64.1029,246.4527,19.2885,15.9,0.9719,Waning Crescent,False
2025-04-11,00:52:00,0.2044,Moonlit,-71.4223,17.2663,63.8777,246.683,19.2809,15.89,0.972,Waning Crescent,False
2025-04-11,00:53:00,0.2041,Moonlit,-71.3473,18.0046,63.652,246.9097,19.2733,15.88,0.972,Waning Crescent,False
2025-04-11,00:54:00,0.2037,Moonlit,-71.2693,18.7371,63.4261,247.1327,19.2657,15.88,0.972,Waning Crescent,False
2025-04-11,00:55:00,0.2033,Moonlit,-71.1883,19.4633,63.1998,247.3521,19.2582,15.87,0.972,Waning Crescent,False
2025-04-11,00:56:00,0.2029,Moonlit,-71.1044,20.1834,62.9731,247.5681,19.2506,15.87,0.972,Waning Crescent,False
2025-04-11,00:57:00,0.2025,Moonlit,-71.0176,20.897,62.7462,247.7806,19.243,15.86,0.9721,Waning Crescent,False
2025-04-11,00:58:00,0.2021,Moonlit,-70.9279,21.604,62.5189,247.9899,19.2354,15.86,0.9721,Waning Crescent,False
2025-04-11,00:59:00,0.2017,Moonlit,-70.8355,22.3045,62.2913,248.196,19.2279,15.85,0.9721,Waning Crescent,False
2025-04-11,01:00:00,0.2013,Moonlit,-70.7402,22.9981,62.0633,248.3988,19.2203,15.84,0.9721,Waning Crescent,False
2025-04-11,01:01:00,0.2009,Moonlit,-70.6422,23.685,61.8351,248.5986,19.2127,15.84,0.9722,Waning Crescent,False
2025-04-11,01:02:00,0.2004,Moonlit,-70.5415,24.3648,61.6066,248.7954,19.2051,15.83,0.9722,Waning Crescent,False
2025-04-11,01:03:00,0.2,Moonlit,-70.4382,25.0377,61.3779,248.9893,19.1976,15.83,0.9722,Waning Crescent,False
2025-04-11,01:04:00,0.1996,Moonlit,-70.3322,25.7035,61.1488,249.1802,19.19,15.82,0.9722,Waning Crescent,False
2025-04-11,01:05:00,0.1992,Moonlit,-70.2237,26.3622,60.9195,249.3684,19.1824,15.81,0.9722,Waning Crescent,False
2025-04-11,01:06:00,0.1987,Moonlit,-70.1127,27.0136,60.6899,249.5538,19.1748,15.81,0.9723,Waning Crescent,False
2025-04-11,01:07:00,0.1983,Moonlit,-69.9992,27.6579,60.4601,249.7365,19.1673,15.8,0.9723,Waning Crescent,False
2025-04-11,01:08:00,0.1979,Moonlit,-69.8832,28.2948,60.23,249.9166,19.1597,15.8,0.9723,Waning Crescent,False
2025-04-11,01:09:00,0.1974,Moonlit,-69.7648,28.9245,59.9997,250.0941,19.1521,15.79,0.9723,Waning Crescent,False
2025-04-11,01:10:00,0.197,Moonlit,-69.6441,29.5469,59.7691,250.2691,19.1445,15.79,0.9723,Waning Crescent,False
2025-04-11,01:11:00,0.1965,Moonlit,-69.5211,30.1619,59.5383,250.4416,19.137,15.78,0.9724,Waning Crescent,False
2025-04-11,01:12:00,0.1961,Moonlit,-69.3958,30.7697,59.3073,250.6117,19.1294,15.77,0.9724,Waning Crescent,False
2025-04-11,01:13:00,0.1956,Moonlit,-69.2682,31.3701,59.076,250.7795,19.1218,15.77,0.9724,Waning Crescent,False
2025-04-11,01:14:00,0.1951,Moonlit,-69.1385,31.9632,58.8446,250.945,19.1142,15.76,0.9724,Waning Crescent,False
2025-04-11,01:15:00,0.1947,Moonlit,-69.0066,32.549,58.6129,251.1082,19.1067,15.76,0.9725,Waning Crescent,False
2025-04-11,01:16:00,0.1942,Moonlit,-68.8726,33.1275,58.381,251.2692,19.0991,15.75,0.9725,Waning Crescent,False
2025-04-11,01:17:00,0.1937,Moonlit,-68.7365,33.6987,58.1489,251.428,19.0915,15.74,0.9725,Waning Crescent,False
2025-04-11,01:18:00,0.1933,Moonlit,-68.5984,34.2628,57.9167,251.5847,19.0839,15.74,0.9725,Waning Crescent,False
2025-04-11,01:19:00,0.1928,Moonlit,-68.4583,34.8196,57.6842,251.7394,19.0764,15.73,0.9725,Waning Crescent,False
2025-04-11,01:20:00,0.1923,Moonlit,-68.3162,35.3694,57.4515,251.892,19.0688,15.73,0.9726,Waning Crescent,False
2025-04-11,01:21:00,0.1918,Moonlit,-68.1722,35.912,57.2187,252.0427,19.0612,15.72,0.9726,Waning Crescent,False
2025-04-11,01:22:00,0.1913,Moonlit,-68.0264,36.4475,56.9857,252.1914,19.0536,15.72,0.9726,Waning Crescent,False
2025-04-11,01:23:00,0.1908,Moonlit,-67.8787,36.976,56.7525,252.3381,19.0461,15.71,0.9726,Waning Crescent,False
2025-04-11,01:24:00,0.1903,Moonlit,-67.7292,37.4976,56.5191,252.4831,19.0385,15.7,0.9726,Waning Crescent,False
2025-04-11,01:25:00,0.1898,Moonlit,-67.5779,38.0123,56.2856,252.6261,19.0309,15.7,0.9727,Waning Crescent,False
2025-04-11,01:26:00,0.1893,Moonlit,-67.4249,38.5202,56.0519,252.7674,19.0233,15.69,0.9727,Waning Crescent,False
2025-04-11,01:27:00,0.1888,Moonlit,-67.2702,39.0213,55.8181,252.907,19.0158,15.69,0.9727,Waning Crescent,False
2025-04-11,01:28:00,0.1883,Moonlit,-67.1139,39.5156,55.5841,253.0448,19.0082,15.68,0.9727,Waning Crescent,False
2025-04-11,01:29:00,0.1878,Moonlit,-66.9559,40.0034,55.3499,253.1809,19.0006,15.68,0.9728,Waning Crescent,False
2025-04-11,01:30:00,0.1873,Moonlit,-66.7963,40.4845,55.1156,253.3154,18.9931,15.67,0.9728,Waning Crescent,False
2025-04-11,01:31:00,0.1867,Moonlit,-66.6351,40.9592,54.8811,253.4482,18.9855,15.66,0.9728,Waning Crescent,False
2025-04-11,01:32:00,0.1862,Moonlit,-66.4725,41.4274,54.6465,253.5795,18.9779,15.66,0.9728,Waning Crescent,False
2025-04-11,01:33:00,0.1857,Moonlit,-66.3083,41.8893,54.4118,253.7091,18.9703,15.65,0.9728,Waning Crescent,False
2025-04-11,01:34:00,0.1851,Moonlit,-66.1426,42.3449,54.1769,253.8373,18.9628,15.65,0.9729,Waning Crescent,False
2025-04-11,01:35:00,0.1846,Moonlit,-65.9755,42.7943,53.9419,253.964,18.9552,15.64,0.9729,Waning Crescent,False
2025-04-11,01:36:00,0.1841,Moonlit,-65.807,43.2375,53.7068,254.0891,18.9476,15.63,0.9729,Waning Crescent,False
2025-04-11,01:37:00,0.1835,Moonlit,-65.6371,43.6748,53.4715,254.2129,18.9401,15.63,0.9729,Waning Crescent,False
2025-04-11,01:38:00,0.183,Moonlit,-65.4659,44.106,53.2361,254.3352,18.9325,15.62,0.973,Waning Crescent,False
2025-04-11,01:39:00,0.1824,Moonlit,-65.2933,44.5313,53.0006,254.4561,18.9249,15.62,0.973,Waning Crescent,False
2025-04-11,01:40:00,0.1819,Moonlit,-65.1195,44.9509,52.7649,254.5757,18.9173,15.61,0.973,Waning Crescent,False
2025-04-11,01:41:00,0.1813,Moonlit,-64.9444,45.3646,52.5292,254.6939,18.9098,15.61,0.973,Waning Crescent,False
2025-04-11,01:42:00,0.1808,Moonlit,-64.768,45.7728,52.2933,254.8108,18.9022,15.6,0.973,Waning Crescent,False
2025-04-11,01:43:00,0.1802,Moonlit,-64.5904,46.1753,52.0573,254.9264,18.8946,15.59,0.9731,Waning Crescent,False
2025-04-11,01:44:00,0.1796,Moonlit,-64.4117,46.5724,51.8212,255.0407,18.887,15.59,0.9731,Waning Crescent,False
2025-04-11,01:45:00,0.179,Moonlit,-64.2317,46.964,51.585,255.1538,18.8795,15.58,0.9731,Waning Crescent,False
2025-04-11,01:46:00,0.1785,Moonlit,-64.0507,47.3503,51.3487,255.2657,18.8719,15.58,0.9731,Waning Crescent,False
2025-04-11,01:47:00,0.1779,Moonlit,-63.8685,47.7313,51.1123,255.3764,18.8643,15.57,0.9731,Waning Crescent,False
2025-04-11,01:48:00,0.1773,Moonlit,-63.6852,48.1071,50.8757,255.4859,18.8568,15.56,0.9732,Waning Crescent,False
2025-04-11,01:49:00,0.1767,Moonlit,-63.5008,48.4778,50.6391,255.5942,18.8492,15.56,0.9732,Waning Crescent,False
2025-04-11,01:50:00,0.1761,Moonlit,-63.3154,48.8435,50.4024,255.7014,18.8416,15.55,0.9732,Waning Crescent,False
2025-04-11,01:51:00,0.1755,Moonlit,-63.129,49.2043,50.1656,255.8075,18.834,15.55,0.9732,Waning Crescent,False
2025-04-11,01:52:00,0.175,Moonlit,-62.9415,49.5601,49.9287,255.9125,18.8265,15.54,0.9733,Waning Crescent,False
2025-04-11,01:53:00,0.1744,Moonlit,-62.7531,49.9112,49.6917,256.0164,18.8189,15.54,0.9733,Waning Crescent,False
2025-04-11,01:54:00,0.1738,Moonlit,-62.5637,50.2575,49.4546,256.1192,18.8113,15.53,0.9733,Waning Crescent,False
2025-04-11,01:55:00,0.1731,Moonlit,-62.3733,50.5992,49.2174,256.221,18.8038,15.52,0.9733,Waning Crescent,False
2025-04-11,01:56:00,0.1725,Moonlit,-62.1821,50.9363,48.9802,256.3218,18.7962,15.52,0.9733,Waning Crescent,False
2025-04-11,01:57:00,0.1719,Moonlit,-61.9899,51.2688,48.7428,256.4216,18.7886,15.51,0.9734,Waning Crescent,False
2025-04-11,01:58:00,0.1713,Moonlit,-61.7968,51.597,48.5054,256.5204,18.7811,15.51,0.9734,Waning Crescent,False
2025-04-11,01:59:00,0.1707,Moonlit,-61.6029,51.9208,48.2679,256.6182,18.7735,15.5,0.9734,Waning Crescent,False
2025-04-11,02:00:00,0.1701,Moonlit,-61.4081,52.2402,48.0303,256.715,18.7659,15.5,0.9734,Waning Crescent,False
2025-04-11,02:01:00,0.1694,Moonlit,-61.2125,52.5555,47.7926,256.8109,18.7583,15.49,0.9734,Waning Crescent,False
2025-04-11,02:02:00,0.1688,Moonlit,-61.016,52.8666,47.5549,256.9059,18.7508,15.48,0.9735,Waning Crescent,False
2025-04-11,02:03:00,0.1682,Moonlit,-60.8188,53.1735,47.3171,257.0,18.7432,15.48,0.9735,Waning Crescent,False
2025-04-11,02:04:00,0.1676,Moonlit,-60.6207,53.4765,47.0792,257.0932,18.7356,15.47,0.9735,Waning Crescent,False
2025-04-11,02:05:00,0.1669,Moonlit,-60.4219,53.7755,46.8412,257.1855,18.7281,15.47,0.9735,Waning Crescent,False
2025-04-11,02:06:00,0.1663,Moonlit,-60.2224,54.0706,46.6032,257.277,18.7205,15.46,0.9735,Waning Crescent,False
2025-04-11,02:07:00,0.1656,Moonlit,-60.0221,54.3619,46.3651,257.3675,18.7129,15.45,0.9736,Waning Crescent,False
2025-04-11,02:08:00,0.165,Moonlit,-59.8211,54.6494,46.1269,257.4573,18.7054,15.45,0.9736,Waning Crescent,False
2025-04-11,02:09:00,0.1643,Moonlit,-59.6193,54.9332,45.8886,257.5462,18.6978,15.44,0.9736,Waning Crescent,False
2025-04-11,02:10:00,0.1637,Moonlit,-59.4169,55.2133,45.6503,257.6344,18.6902,15.44,0.9736,Waning Crescent,False
2025-04-11,02:11:00,0.163,Moonlit,-59.2138,55.4898,45.412,257.7217,18.6826,15.43,0.9737,Waning Crescent,False
2025-04-11,02:12:00,0.1624,Moonlit,-59.01,55.7629,45.1735,257.8082,18.6751,15.43,0.9737,Waning Crescent,False
2025-04-11,02:13:00,0.1617,Moonlit,-58.8056,56.0324,44.935,257.894,18.6675,15.42,0.9737,Waning Crescent,False
2025-04-11,02:14:00,0.161,Moonlit,-58.6005,56.2985,44.6965,257.979,18.6599,15.41,0.9737,Waning Crescent,False
2025-04-11,02:15:00,0.1604,Moonlit,-58.3948,56.5613,44.4579,258.0633,18.6524,15.41,0.9737,Waning Crescent,False
2025-04-11,02:16:00,0.1597,Moonlit,-58.1884,56.8208,44.2192,258.1468,18.6448,15.4,0.9738,Waning Crescent,False
2025-04-11,02:17:00,0.159,Moonlit,-57.9815,57.077,43.9805,258.2296,18.6372,15.4,0.9738,Waning Crescent,False
2025-04-11,02:18:00,0.1583,Moonlit,-57.7739,57.33,43.7417,258.3117,18.6297,15.39,0.9738,Waning Crescent,False
2025-04-11,02:19:00,0.1577,Moonlit,-57.5658,57.5799,43.5029,258.3931,18.6221,15.39,0.9738,Waning Crescent,False
2025-04-11,02:20:00,0.157,Moonlit,-57.3571,57.8267,43.264,258.4738,18.6145,15.38,0.9738,Waning Crescent,False
2025-04-11,02:21:00,0.1563,Moonlit,-57.1479,58.0705,43.025,258.5539,18.607,15.37,0.9739,Waning Crescent,False
2025-04-11,02:22:00,0.1556,Moonlit,-56.9381,58.3112,42.786,258.6332,18.5994,15.37,0.9739,Waning Crescent,False
2025-04-11,02:23:00,0.1549,Moonlit,-56.7277,58.549,42.547,258.7119,18.5918,15.36,0.9739,Waning Crescent,False
2025-04-11,02:24:00,0.1542,Moonlit,-56.5169,58.7839,42.3079,258.79,18.5843,15.36,0.9739,Waning Crescent,False
2025-04-11,02:25:00,0.1535,Moonlit,-56.3055,59.016,42.0688,258.8674,18.5767,15.35,0.9739,Waning Crescent,False
2025-04-11,02:26:00,0.1528,Moonlit,-56.0936,59.2453,41.8296,258.9442,18.5691,15.35,0.974,Waning Crescent,False
2025-04-11,02:27:00,0.1521,Moonlit,-55.8812,59.4718,41.5903,259.0203,18.5616,15.34,0.974,Waning Crescent,False
2025-04-11,02:28:00,0.1514,Moonlit,-55.6683,59.6956,41.3511,259.0959,18.554,15.33,0.974,Waning Crescent,False
2025-04-11,02:29:00,0.1507,Moonlit,-55.4549,59.9168,41.1117,259.1708,18.5464,15.33,0.974,Waning Crescent,False
2025-04-11,02:30:00,0.15,Moonlit,-55.241,60.1353,40.8724,259.2452,18.5388,15.32,0.9741,Waning Crescent,False
2025-04-11,02:31:00,0.1493,Moonlit,-55.0267,60.3512,40.633,259.319,18.5313,15.32,0.9741,Waning Crescent,False
2025-04-11,02:32:00,0.1486,Moonlit,-54.8119,60.5646,40.3935,259.3922,18.5237,15.31,0.9741,Waning Crescent,False
2025-04-11,02:33:00,0.1478,Moonlit,-54.5967,60.7755,40.154,259.4648,18.5161,15.3,0.9741,Waning Crescent,False
2025-04-11,02:34:00,0.1471,Moonlit,-54.3811,60.984,39.9145,259.5369,18.5086,15.3,0.9741,Waning Crescent,False
2025-04-11,02:35:00,0.1464,Moonlit,-54.165,61.19,39.6749,259.6084,18.501,15.29,0.9742,Waning Crescent,False
2025-04-11,02:36:00,0.1457,Moonlit,-53.9484,61.3936,39.4353,259.6794,18.4934,15.29,0.9742,Waning Crescent,False
2025-04-11,02:37:00,0.1449,Moonlit,-53.7315,61.595,39.1957,259.7498,18.4859,15.28,0.9742,Waning Crescent,False
2025-04-11,02:38:00,0.1442,Moonlit,-53.5142,61.794,38.956,259.8197,18.4783,15.28,0.9742,Waning Crescent,False
2025-04-11,02:39:00,0.1434,Moonlit,-53.2964,61.9907,38.7163,259.8891,18.4707,15.27,0.9742,Waning Crescent,False
2025-04-11,02:40:00,0.1427,Moonlit,-53.0783,62.1852,38.4765,259.958,18.4632,15.26,0.9743,Waning Crescent,False
2025-04-11,02:41:00,0.142,Moonlit,-52.8597,62.3775,38.2367,260.0264,18.4556,15.26,0.9743,Waning Crescent,False
2025-04-11,02:42:00,0.1412,Moonlit,-52.6408,62.5677,37.9969,260.0943,18.448,15.25,0.9743,Waning Crescent,False
2025-04-11,02:43:00,0.1405,Moonlit,-52.4216,62.7557,37.757,260.1617,18.4405,15.25,0.9743,Waning Crescent,True
2025-04-11,02:44:00,0.1397,Moonlit,-52.2019,62.9417,37.5172,260.2286,18.4329,15.24,0.9743,Waning Crescent,True
2025-04-11,02:45:00,0.139,Moonlit,-51.9819,63.1255,37.2772,260.2951,18.4253,15.24,0.9744,Waning Crescent,True
2025-04-11,02:46:00,0.1382,Moonlit,-51.7615,63.3074,37.0373,260.361,18.4178,15.23,0.9744,Waning Crescent,True
2025-04-11,02:47:00,0.1374,Moonlit,-51.5408,63.4872,36.7973,260.4266,18.4102,15.22,0.9744,Waning Crescent,True
2025-04-11,02:48:00,0.1367,Moonlit,-51.3197,63.6651,36.5573,260.4916,18.4026,15.22,0.9744,Waning Crescent,True
2025-04-11,02:49:00,0.1359,Moonlit,-51.0983,63.8411,36.3172,260.5562,18.3951,15.21,0.9745,Waning Crescent,True
2025-04-11,02:50:00,0.1352,Moonlit,-50.8766,64.0151,36.0772,260.6204,18.3875,15.21,0.9745,Waning Crescent,True
2025-04-11,02:51:00,0.1344,Moonlit,-50.6545,64.1873,35.8371,260.6841,18.3799,15.2,0.9745,Waning Crescent,True
2025-04-11,02:52:00,0.1336,Moonlit,-50.4322,64.3577,35.5969,260.7474,18.3724,15.19,0.9745,Waning Crescent,True
2025-04-11,02:53:00,0.1328,Moonlit,-50.2095,64.5262,35.3568,260.8103,18.3648,15.19,0.9745,Waning Crescent,True
2025-04-11,02:54:00,0.1321,Moonlit,-49.9865,64.6929,35.1166,260.8727,18.3573,15.18,0.9746,Waning Crescent,True
2025-04-11,02:55:00,0.1313,Moonlit,-49.7632,64.8579,34.8764,260.9347,18.3497,15.18,0.9746,Waning Crescent,True
2025-04-11,02:56:00,0.1305,Moonlit,-49.5396,65.0211,34.6362,260.9964,18.3421,15.17,0.9746,Waning Crescent,True
2025-04-11,02:57:00,0.1297,Moonlit,-49.3157,65.1826,34.3959,261.0576,18.3346,15.17,0.9746,Waning Crescent,True
2025-04-11,02:58:00,0.1289,Moonlit,-49.0915,65.3425,34.1557,261.1184,18.327,15.16,0.9746,Waning Crescent,True
2025-04-11,02:59:00,0.1281,Moonlit,-48.867,65.5007,33.9153,261.1789,18.3194,15.15,0.9747,Waning Crescent,True
2025-04-11,03:00:00,0.1273,Moonlit,-48.6422,65.6572,33.675,261.2389,18.3119,15.15,0.9747,Waning Crescent,True
2025-04-11,03:01:00,0.1266,Moonlit,-48.4172,65.8122,33.4347,261.2986,18.3043,15.14,0.9747,Waning Crescent,True
2025-04-11,03:02:00,0.1258,Moonlit,-48.1919,65.9655,33.1943,261.3579,18.2967,15.14,0.9747,Waning Crescent,True
2025-04-11,03:03:00,0.125,Moonlit,-47.9663,66.1173,32.9539,261.4168,18.2892,15.13,0.9747,Waning Crescent,True
2025-04-11,03:04:00,0.1242,Moonlit,-47.7405,66.2676,32.7135,261.4754,18.2816,15.13,0.9748,Waning Crescent,True
2025-04-11,03:05:00,0.1234,Moonlit,-47.5144,66.4163,32.4731,261.5336,18.274,15.12,0.9748,Waning Crescent,True
2025-04-11,03:06:00,0.1225,Moonlit,-47.2881,66.5636,32.2326,261.5914,18.2665,15.11,0.9748,Waning Crescent,True
2025-04-11,03:07:00,0.1217,Moonlit,-47.0615,66.7094,31.9922,261.6489,18.2589,15.11,0.9748,Waning Crescent,True
2025-04-11,03:08:00,0.1209,Moonlit,-46.8346,66.8538,31.7517,261.706,18.2513,15.1,0.9748,Waning Crescent,True
2025-04-11,03:09:00,0.1201,Moonlit,-46.6075,66.9967,31.5112,261.7628,18.2438,15.1,0.9749,Waning Crescent,True
2025-04-11,03:10:00,0.1193,Moonlit,-46.3802,67.1382,31.2706,261.8193,18.2362,15.09,0.9749,Waning Crescent,True
2025-04-11,03:11:00,0.1185,Moonlit,-46.1526,67.2783,31.0301,261.8754,18.2287,15.09,0.9749,Waning Crescent,True
2025-04-11,03:12:00,0.1177,Moonlit,-45.9249,67.4171,30.7895,261.9312,18.2211,15.08,0.9749,Waning Crescent,True
2025-04-11,03:13:00,0.1168,Moonlit,-45.6968,67.5545,30.549,261.9867,18.2135,15.07,0.9749,Waning Crescent,True
2025-04-11,03:14:00,0.116,Moonlit,-45.4686,67.6906,30.3084,262.0419,18.206,15.07,0.975,Waning Crescent,True
2025-04-11,03:15:00,0.1152,Moonlit,-45.2401,67.8254,30.0678,262.0967,18.1984,15.06,0.975,Waning Crescent,True
2025-04-11,03:16:00,0.1144,Moonlit,-45.0115,67.9589,29.8271,262.1513,18.1908,15.06,0.975,Waning Crescent,True
2025-04-11,03:17:00,0.1135,Moonlit,-44.7826,68.0911,29.5865,262.2055,18.1833,15.05,0.975,Waning Crescent,True
2025-04-11,03:18:00,0.1127,Moonlit,-44.5534,68.2221,29.3458,262.2594,18.1757,15.04,0.9751,Waning Crescent,True
2025-04-11,03:19:00,0.1119,Moonlit,-44.3241,68.3518,29.1052,262.313,18.1681,15.04,0.9751,Waning Crescent,True
2025-04-11,03:20:00,0.111,Moonlit,-44.0946,68.4804,28.8645,262.3664,18.1606,15.03,0.9751,Waning Crescent,True
2025-04-11,03:21:00,0.1102,Moonlit,-43.8649,68.6077,28.6238,262.4194,18.153,15.03,0.9751,Waning Crescent,True
2025-04-11,03:22:00,0.1093,Moonlit,-43.635,68.7339,28.3831,262.4721,18.1455,15.02,0.9751,Waning Crescent,True
2025-04-11,03:23:00,0.1085,Moonlit,-43.4049,68.8588,28.1424,262.5246,18.1379,15.02,0.9752,Waning Crescent,True
2025-04-11,03:24:00,0.1076,Moonlit,-43.1746,68.9827,27.9016,262.5768,18.1303,15.01,0.9752,Waning Crescent,True
2025-04-11,03:25:00,0.1068,Moonlit,-42.9441,69.1054,27.6609,262.6287,18.1228,15.0,0.9752,Waning Crescent,True
2025-04-11,03:26:00,0.1059,Moonlit,-42.7134,69.227,27.4201,262.6803,18.1152,15.0,0.9752,Waning Crescent,True
2025-04-11,03:27:00,0.1051,Moonlit,-42.4825,69.3475,27.1794,262.7317,18.1076,14.99,0.9752,Waning Crescent,True
2025-04-11,03:28:00,0.1042,Moonlit,-42.2514,69.4669,26.9386,262.7828,18.1001,14.99,0.9753,Waning Crescent,True
2025-04-11,03:29:00,0.1034,Moonlit,-42.0202,69.5852,26.6978,262.8336,18.0925,14.98,0.9753,Waning Crescent,True
2025-04-11,03:30:00,0.1025,Moonlit,-41.7888,69.7025,26.457,262.8842,18.085,14.98,0.9753,Waning Crescent,True
2025-04-11,03:31:00,0.1017,Moonlit,-41.5572,69.8187,26.2162,262.9345,18.0774,14.97,0.9753,Waning Crescent,True
2025-04-11,03:32:00,0.1008,Moonlit,-41.3255,69.9339,25.9754,262.9845,18.0698,14.96,0.9753,Waning Crescent,True
2025-04-11,03:33:00,0.0999,Moonlit,-41.0936,70.0481,25.7346,263.0344,18.0623,14.96,0.9754,Waning Crescent,True
2025-04-11,03:34:00,0.0991,Moonlit,-40.8615,70.1612,25.4937,263.0839,18.0547,14.95,0.9754,Waning Crescent,True
2025-04-11,03:35:00,0.0982,Moonlit,-40.6292,70.2734,25.2529,263.1333,18.0471,14.95,0.9754,Waning Crescent,True
2025-04-11,03:36:00,0.0973,Moonlit,-40.3968,70.3847,25.012,263.1823,18.0396,14.94,0.9754,Waning Crescent,True
2025-04-11,03:37:00,0.0965,Moonlit,-40.1642,70.4949,24.7712,263.2312,18.032,14.94,0.9754,Waning Crescent,True
2025-04-11,03:38:00,0.0956,Moonlit,-39.9315,70.6042,24.5303,263.2798,18.0245,14.93,0.9755,Waning Crescent,True
2025-04-11,03:39:00,0.0947,Moonlit,-39.6986,70.7126,24.2894,263.3282,18.0169,14.92,0.9755,Waning Crescent,True
2025-04-11,03:40:00,0.0938,Moonlit,-39.4656,70.8201,24.0485,263.3763,18.0093,14.92,0.9755,Waning Crescent,True
2025-04-11,03:41:00,0.093,Moonlit,-39.2324,70.9266,23.8076,263.4242,18.0018,14.91,0.9755,Waning Crescent,True
2025-04-11,03:42:00,0.0921,Moonlit,-38.9991,71.0323,23.5668,263.472,17.9942,14.91,0.9755,Waning Crescent,True
2025-04-11,03:43:00,0.0912,Moonlit,-38.7656,71.137,23.3258,263.5194,17.9867,14.9,0.9756,Waning Crescent,True
2025-04-11,03:44:00,0.0903,Moonlit,-38.5319,71.2409,23.0849,263.5667,17.9791,14.89,0.9756,Waning Crescent,True
2025-04-11,03:45:00,0.0894,Moonlit,-38.2982,71.3439,22.844,263.6138,17.9715,14.89,0.9756,Waning Crescent,True
2025-04-11,03:46:00,0.0885,Moonlit,-38.0642,71.4461,22.6031,263.6606,17.964,14.88,0.9756,Waning Crescent,True
2025-04-11,03:47:00,0.0877,Moonlit,-37.8302,71.5474,22.3622,263.7072,17.9564,14.88,0.9756,Waning Crescent,True
2025-04-11,03:48:00,0.0868,Moonlit,-37.596,71.6479,22.1213,263.7537,17.9489,14.87,0.9757,Waning Crescent,True
2025-04-11,03:49:00,0.0859,Moonlit,-37.3617,71.7476,21.8803,263.7999,17.9413,14.87,0.9757,Waning Crescent,True
2025-04-11,03:50:00,0.085,Moonlit,-37.1272,71.8464,21.6394,263.8459,17.9337,14.86,0.9757,Waning Crescent,True
2025-04-11,03:51:00,0.0841,Moonlit,-36.8926,71.9445,21.3985,263.8917,17.9262,14.85,0.9757,Waning Crescent,True
2025-04-11,03:52:00,0.0832,Moonlit,-36.6579,72.0418,21.1575,263.9374,17.9186,14.85,0.9757,Waning Crescent,True
2025-04-11,03:53:00,0.0823,Moonlit,-36.4231,72.1383,20.9166,263.9828,17.9111,14.84,0.9758,Waning Crescent,True
2025-04-11,03:54:00,0.0814,Moonlit,-36.1881,72.234,20.6756,264.028,17.9035,14.84,0.9758,Waning Crescent,True
2025-04-11,03:55:00,0.0805,Moonlit,-35.953,72.329,20.4347,264.0731,17.8959,14.83,0.9758,Waning Crescent,True
2025-04-11,03:56:00,0.0796,Moonlit,-35.7178,72.4232,20.1937,264.118,17.8884,14.83,0.9758,Waning Crescent,True
2025-04-11,03:57:00,0.0787,Moonlit,-35.4824,72.5167,19.9527,264.1627,17.8808,14.82,0.9758,Waning Crescent,True
2025-04-11,03:58:00,0.0778,Moonlit,-35.2469,72.6094,19.7118,264.2072,17.8733,14.81,0.9759,Waning Crescent,True
2025-04-11,03:59:00,0.0769,Moonlit,-35.0114,72.7014,19.4708,264.2515,17.8657,14.81,0.9759,Waning Crescent,True
2025-04-11,04:00:00,0.0759,Moonlit,-34.7757,72.7928,19.2298,264.2956,17.8581,14.8,0.9759,Waning Crescent,True
2025-04-11,04:01:00,0.075,Moonlit,-34.5398,72.8834,18.9889,264.3396,17.8506,14.8,0.9759,Waning Crescent,True
2025-04-11,04:02:00,0.0741,Moonlit,-34.3039,72.9733,18.7479,264.3834,17.843,14.79,0.9759,Waning Crescent,True
2025-04-11,04:03:00,0.0732,Moonlit,-34.0679,73.0625,18.5069,264.427,17.8355,14.79,0.976,Waning Crescent,True
2025-04-11,04:04:00,0.0723,Moonlit,-33.8317,73.151,18.266,264.4705,17.8279,14.78,0.976,Waning Crescent,True
2025-04-11,04:05:00,0.0714,Moonlit,-33.5954,73.2389,18.025,264.5138,17.8203,14.77,0.976,Waning Crescent,True
2025-04-11,04:06:00,0.0705,Moonlit,-33.3591,73.3261,17.784,264.5569,17.8128,14.77,0.976,Waning Crescent,True
2025-04-11,04:07:00,0.0695,Moonlit,-33.1226,73.4127,17.5431,264.5999,17.8052,14.76,0.9761,Waning Crescent,True
2025-04-11,04:08:00,0.0686,Moonlit,-32.886,73.4986,17.3021,264.6427,17.7977,14.76,0.9761,Waning Crescent,True
2025-04-11,04:09:00,0.0677,Moonlit,-32.6493,73.5839,17.0611,264.6854,17.7901,14.75,0.9761,Waning Crescent,True
2025-04-11,04:10:00,0.0668,Moonlit,-32.4125,73.6685,16.8201,264.7279,17.7825,14.74,0.9761,Waning Crescent,True
2025-04-11,04:11:00,0.0658,Moonlit,-32.1756,73.7525,16.5792,264.7703,17.775,14.74,0.9761,Waning Crescent,True
2025-04-11,04:12:00,0.0649,Moonlit,-31.9386,73.836,16.3382,264.8125,17.7674,14.73,0.9762,Waning Crescent,True
2025-04-11,04:13:00,0.064,Moonlit,-31.7015,73.9188,16.0972,264.8545,17.7599,14.73,0.9762,Waning Crescent,True
2025-04-11,04:14:00,0.0631,Moonlit,-31.4643,74.001,15.8563,264.8964,17.7523,14.72,0.9762,Waning Crescent,True
2025-04-11,04:15:00,0.0621,Moonlit,-31.2271,74.0826,15.6153,264.9382,17.7448,14.72,0.9762,Waning Crescent,True
2025-04-11,04:16:00,0.0612,Moonlit,-30.9897,74.1636,15.3743,264.9798,17.7372,14.71,0.9762,Waning Crescent,True
2025-04-11,04:17:00,0.0603,Moonlit,-30.7522,74.244,15.1334,265.0213,17.7296,14.7,0.9763,Waning Crescent,True
2025-04-11,04:18:00,0.0593,Moonlit,-30.5146,74.3239,14.8924,265.0626,17.7221,14.7,0.9763,Waning Crescent,True
2025-04-11,04:19:00,0.0584,Moonlit,-30.277,74.4032,14.6514,265.1038,17.7145,14.69,0.9763,Waning Crescent,True
2025-04-11,04:20:00,0.0575,Moonlit,-30.0392,74.4819,14.4105,265.1449,17.707,14.69,0.9763,Waning Crescent,True
2025-04-11,04:21:00,0.0565,Moonlit,-29.8013,74.5601,14.1695,265.1858,17.6994,14.68,0.9763,Waning Crescent,True
2025-04-11,04:22:00,0.0556,Moonlit,-29.5634,74.6377,13.9286,265.2266,17.6919,14.68,0.9764,Waning Crescent,True
2025-04-11,04:23:00,0.0546,Moonlit,-29.3254,74.7148,13.6876,265.2672,17.6843,14.67,0.9764,Waning Crescent,True
2025-04-11,04:24:00,0.0537,Moonlit,-29.0873,74.7914,13.4467,265.3078,17.6767,14.66,0.9764,Waning Crescent,True
2025-04-11,04:25:00,0.0528,Moonlit,-28.8491,74.8674,13.2057,265.3482,17.6692,14.66,0.9764,Waning Crescent,True
2025-04-11,04:26:00,0.0518,Moonlit,-28.6108,74.9429,12.9648,265.3885,17.6616,14.65,0.9764,Waning Crescent,True
2025-04-11,04:27:00,0.0509,Moonlit,-28.3724,75.0179,12.7238,265.4286,17.6541,14.65,0.9765,Waning Crescent,True
2025-04-11,04:28:00,0.0499,Moonlit,-28.134,75.0924,12.4829,265.4687,17.6465,14.64,0.9765,Waning Crescent,True
2025-04-11,04:29:00,0.049,Moonlit,-27.8955,75.1664,12.242,265.5086,17.639,14.64,0.9765,Waning Crescent,True
2025-04-11,04:30:00,0.048,Moonlit,-27.6568,75.2399,12.001,265.5484,17.6314,14.63,0.9765,Waning Crescent,True
2025-04-11,04:31:00,0.0471,Moonlit,-27.4181,75.3129,11.7601,265.5881,17.6238,14.62,0.9765,Waning Crescent,True
2025-04-11,04:32:00,0.0461,Moonlit,-27.1794,75.3854,11.5192,265.6277,17.6163,14.62,0.9766,Waning Crescent,True
2025-04-11,04:33:00,0.0452,Moonlit,-26.9405,75.4574,11.2783,265.6671,17.6087,14.61,0.9766,Waning Crescent,True
2025-04-11,04:34:00,0.0442,Moonlit,-26.7016,75.5289,11.0374,265.7065,17.6012,14.61,0.9766,Waning Crescent,True
2025-04-11,04:35:00,0.0433,Moonlit,-26.4626,75.6,10.7965,265.7457,17.5936,14.6,0.9766,Waning Crescent,True
2025-04-11,04:36:00,0.0423,Moonlit,-26.2235,75.6706,10.5556,265.7848,17.5861,14.6,0.9766,Waning Crescent,True
2025-04-11,04:37:00,0.0414,Moonlit,-25.9844,75.7408,10.3147,265.8239,17.5785,14.59,0.9767,Waning Crescent,True
2025-04-11,04:38:00,0.0404,Moonlit,-25.7451,75.8104,10.0738,265.8628,17.5709,14.58,0.9767,Waning Crescent,True
2025-04-11,04:39:00,0.0395,Moonlit,-25.5058,75.8797,9.8329,265.9016,17.5634,14.58,0.9767,Waning Crescent,True
2025-04-11,04:40:00,0.0385,Moonlit,-25.2665,75.9485,9.592,265.9403,17.5558,14.57,0.9767,Waning Crescent,True
2025-04-11,04:41:00,0.0376,Moonlit,-25.027,76.0168,9.3511,265.9789,17.5483,14.57,0.9767,Waning Crescent,True
2025-04-11,04:42:00,0.0366,Moonlit,-24.7875,76.0847,9.1103,266.0174,17.5407,14.56,0.9768,Waning Crescent,True
2025-04-11,04:43:00,0.0357,Moonlit,-24.5479,76.1522,8.8694,266.0558,17.5332,14.56,0.9768,Waning Crescent,True
2025-04-11,04:44:00,0.0347,Moonlit,-24.3083,76.2193,8.6285,266.0941,17.5256,14.55,0.9768,Waning Crescent,True
2025-04-11,04:45:00,0.0337,Moonlit,-24.0685,76.2859,8.3877,266.1324,17.5181,14.54,0.9768,Waning Crescent,True
2025-04-11,04:46:00,0.0328,Moonlit,-23.8288,76.3522,8.1468,266.1705,17.5105,14.54,0.9768,Waning Crescent,True
2025-04-11,04:47:00,0.0318,Moonlit,-23.5889,76.418,7.906,266.2085,17.503,14.53,0.9769,Waning Crescent,True
2025-04-11,04:48:00,0.0309,Moonlit,-23.349,76.4834,7.6652,266.2465,17.4954,14.53,0.9769,Waning Crescent,True
2025-04-11,04:49:00,0.0299,Moonlit,-23.109,76.5484,7.4243,266.2843,17.4878,14.52,0.9769,Waning Crescent,True
2025-04-11,04:50:00,0.0289,Moonlit,-22.8689,76.6129,7.1835,266.3221,17.4803,14.51,0.9769,Waning Crescent,True
2025-04-11,04:51:00,0.028,Moonlit,-22.6288,76.6771,6.9427,266.3598,17.4727,14.51,0.9769,Waning Crescent,True
2025-04-11,04:52:00,0.027,Moonlit,-22.3886,76.741,6.7019,266.3974,17.4652,14.5,0.9769,Waning Crescent,True
2025-04-11,04:53:00,0.026,Moonlit,-22.1484,76.8044,6.4611,266.4349,17.4576,14.5,0.977,Waning Crescent,True
2025-04-11,04:54:00,0.0251,Moonlit,-21.9081,76.8674,6.2203,266.4723,17.4501,14.49,0.977,Waning Crescent,True
2025-04-11,04:55:00,0.0241,Moonlit,-21.6677,76.9301,5.9795,266.5097,17.4425,14.49,0.977,Waning Crescent,True
2025-04-11,04:56:00,0.0231,Moonlit,-21.4273,76.9924,5.7387,266.547,17.435,14.48,0.977,Waning Crescent,True
2025-04-11,04:57:00,0.0222,Moonlit,-21.1868,77.0543,5.498,266.5842,17.4274,14.47,0.977,Waning Crescent,True
2025-04-11,04:58:00,0.0212,Moonlit,-20.9463,77.1158,5.2572,266.6213,17.4199,14.47,0.9771,Waning Crescent,True
2025-04-11,04:59:00,0.0202,Moonlit,-20.7057,77.177,5.0165,266.6583,17.4123,14.46,0.9771,Waning Crescent,True
2025-04-11,05:00:00,0.0193,Moonlit,-20.465,77.2378,4.7757,266.6953,17.4047,14.46,0.9771,Waning Crescent,True
2025-04-11,05:01:00,0.0183,Moonlit,-20.2243,77.2983,4.535,266.7322,17.3972,14.45,0.9771,Waning Crescent,True
2025-04-11,05:02:00,0.0173,Moonlit,-19.9835,77.3584,4.2942,266.769,17.3896,14.45,0.9771,Waning Crescent,True
2025-04-11,05:03:00,0.0164,Moonlit,-19.7427,77.4182,4.0535,266.8058,17.3821,14.44,0.9772,Waning Crescent,True
2025-04-11,05:04:00,0.0154,Moonlit,-19.5018,77.4776,3.8128,266.8425,17.3745,14.43,0.9772,Waning Crescent,True
2025-04-11,05:05:00,0.0144,Moonlit,-19.2608,77.5367,3.5721,266.8791,17.367,14.43,0.9772,Waning Crescent,True
2025-04-11,05:06:00,0.0135,Moonlit,-19.0198,77.5954,3.3314,266.9156,17.3594,14.42,0.9772,Waning Crescent,True
2025-04-11,05:07:00,0.0125,Moonlit,-18.7788,77.6539,3.0907,266.9521,17.3519,14.42,0.9772,Waning Crescent,True
2025-04-11,05:08:00,0.0115,Moonlit,-18.5377,77.7119,2.85,266.9886,17.3443,14.41,0.9773,Waning Crescent,True
2025-04-11,05:09:00,0.0105,Moonlit,-18.2965,77.7697,2.6094,267.0249,17.3368,14.41,0.9773,Waning Crescent,True
2025-04-11,05:10:00,0.0096,Moonlit,-18.0553,77.8271,2.3687,267.0612,17.3292,14.4,0.9773,Waning Crescent,True
2025-04-11,05:11:00,0.0088,Astronomical Twilight,-17.8141,77.8842,2.128,267.0975,17.3217,14.39,0.9773,Waning Crescent,True
2025-04-11,05:12:00,0.0081,Astronomical Twilight,-17.5727,77.941,1.8874,267.1337,17.3141,14.39,0.9773,Waning Crescent,True
2025-04-11,05:13:00,0.0073,Astronomical Twilight,-17.3314,77.9975,1.6468,267.1698,17.3066,14.38,0.9774,Waning Crescent,True
2025-04-11,05:14:00,0.0066,Astronomical Twilight,-17.09,78.0537,1.4061,267.2059,17.299,14.38,0.9774,Waning Crescent,True
2025-04-11,05:15:00,0.0059,Astronomical Twilight,-16.8485,78.1095,1.1655,267.2419,17.2915,14.37,0.9774,Waning Crescent,True
2025-04-11,05:16:00,0.0051,Astronomical Twilight,-16.607,78.1651,0.9249,267.2778,17.2839,14.37,0.9774,Waning Crescent,True
2025-04-11,05:17:00,0.0044,Astronomical Twilight,-16.3654,78.2203,0.6843,267.3137,17.2763,14.36,0.9774,Waning Crescent,True
2025-04-11,05:18:00,0.0037,Astronomical Twilight,-16.1238,78.2753,0.4437,267.3496,17.2688,14.35,0.9775,Waning Crescent,True
2025-04-11,05:19:00,0.0029,Astronomical Twilight,-15.8821,78.33,0.2031,267.3854,17.2612,14.35,0.9775,Waning Crescent,True
2025-04-11,05:20:00,0.0024,Astronomical Twilight,-15.6404,78.3843,-0.0374,267.4212,17.2537,14.34,0.9775,Waning Crescent,True
2025-04-11,05:21:00,0.0026,Astronomical Twilight,-15.3987,78.4384,-0.278,267.4569,17.2461,14.34,0.9775,Waning Crescent,True
2025-04-11,05:22:00,0.0028,Astronomical Twilight,-15.1569,78.4922,-0.5185,267.4926,17.2386,14.33,0.9775,Waning Crescent,True
2025-04-11,05:23:00,0.0031,Astronomical Twilight,-14.915,78.5457,-0.7591,267.5282,17.231,14.33,0.9776,Waning Crescent,True
2025-04-11,05:24:00,0.0033,Astronomical Twilight,-14.6732,78.5989,-0.9996,267.5638,17.2235,14.32,0.9776,Waning Crescent,True
2025-04-11,05:25:00,0.0036,Astronomical Twilight,-14.4312,78.6519,-1.2401,267.5993,17.2159,14.31,0.9776,Waning Crescent,True
2025-04-11,05:26:00,0.0038,Astronomical Twilight,-14.1892,78.7045,-1.4806,267.6348,17.2084,14.31,0.9776,Waning Crescent,True
2025-04-11,05:27:00,0.0041,Astronomical Twilight,-13.9472,78.7569,-1.7211,267.6703,17.2008,14.3,0.9776,Waning Crescent,True
2025-04-11,05:28:00,0.0043,Astronomical Twilight,-13.7051,78.8091,-1.9616,267.7057,17.1933,14.3,0.9777,Waning Crescent,True
2025-04-11,05:29:00,0.0045,Astronomical Twilight,-13.463,78.8609,-2.2021,267.741,17.1857,14.29,0.9777,Waning Crescent,True
2025-04-11,05:30:00,0.0048,Astronomical Twilight,-13.2209,78.9125,-2.4426,267.7764,17.1782,14.29,0.9777,Waning Crescent,True
2025-04-11,05:31:00,0.005,Astronomical Twilight,-12.9787,78.9639,-2.683,267.8117,17.1706,14.28,0.9777,Waning Crescent,True
2025-04-11,05:32:00,0.0053,Astronomical Twilight,-12.7364,79.0149,-2.9235,267.847,17.1631,14.27,0.9777,Waning Crescent,True
2025-04-11,05:33:00,0.0055,Astronomical Twilight,-12.4942,79.0657,-3.1639,267.8822,17.1555,14.27,0.9778,Waning Crescent,True
2025-04-11,05:34:00,0.0057,Astronomical Twilight,-12.2518,79.1163,-3.4043,267.9174,17.148,14.26,0.9778,Waning Crescent,True
2025-04-11,05:35:00,0.006,Astronomical Twilight,-12.0095,79.1666,-3.6447,267.9526,17.1404,14.26,0.9778,Waning Crescent,True
2025-04-11,05:36:00,0.0233,Nautical Twilight,-11.7671,79.2167,-3.8851,267.9877,17.1329,14.25,0.9778,Waning Crescent,True
2025-04-11,05:37:00,0.0475,Nautical Twilight,-11.5246,79.2665,-4.1255,268.0228,17.1253,14.24,0.9778,Waning Crescent,True
2025-04-11,05:38:00,0.0718,Nautical Twilight,-11.2822,79.316,-4.3659,268.0579,17.1178,14.24,0.9779,Waning Crescent,True
2025-04-11,05:39:00,0.096,Nautical Twilight,-11.0396,79.3654,-4.6063,268.093,17.1102,14.23,0.9779,Waning Crescent,True
2025-04-11,05:40:00,0.1203,Nautical Twilight,-10.7971,79.4144,-4.8466,268.128,17.1027,14.23,0.9779,Waning Crescent,True
2025-04-11,05:41:00,0.1446,Nautical Twilight,-10.5545,79.4633,-5.087,268.163,17.0951,14.22,0.9779,Waning Crescent,False
2025-04-11,05:42:00,0.1688,Nautical Twilight,-10.3118,79.5119,-5.3273,268.198,17.0876,14.22,0.9779,Waning Crescent,False
2025-04-11,05:43:00,0.1931,Nautical Twilight,-10.0692,79.5603,-5.5676,268.233,17.08,14.21,0.9779,Waning Crescent,False
2025-04-11,05:44:00,0.2174,Nautical Twilight,-9.8264,79.6084,-5.8079,268.2679,17.0725,14.2,0.978,Waning Crescent,False
2025-04-11,05:45:00,0.2416,Nautical Twilight,-9.5837,79.6563,-6.0482,268.3029,17.0649,14.2,0.978,Waning Crescent,False
2025-04-11,05:46:00,0.2659,Nautical Twilight,-9.3409,79.704,-6.2885,268.3378,17.0574,14.19,0.978,Waning Crescent,False
2025-04-11,05:47:00,0.2902,Nautical Twilight,-9.0981,79.7515,-6.5288,268.3727,17.0498,14.19,0.978,Waning Crescent,False
2025-04-11,05:48:00,0.3145,Nautical Twilight,-8.8552,79.7987,-6.769,268.4075,17.0423,14.18,0.978,Waning Crescent,False
2025-04-11,05:49:00,0.3388,Nautical Twilight,-8.6123,79.8457,-7.0093,268.4424,17.0347,14.18,0.9781,Waning Crescent,False
2025-04-11,05:50:00,0.3631,Nautical Twilight,-8.3694,79.8925,-7.2495,268.4772,17.0272,14.17,0.9781,Waning Crescent,False
2025-04-11,05:51:00,0.3874,Nautical Twilight,-8.1264,79.9391,-7.4897,268.5121,17.0196,14.16,0.9781,Waning Crescent,False
2025-04-11,05:52:00,0.4117,Nautical Twilight,-7.8834,79.9855,-7.7299,268.5469,17.0121,14.16,0.9781,Waning Crescent,False
2025-04-11,05:53:00,0.436,Nautical Twilight,-7.6404,80.0316,-7.9701,268.5817,17.0045,14.15,0.9781,Waning Crescent,False
2025-04-11,05:54:00,0.4603,Nautical Twilight,-7.3973,80.0776,-8.2103,268.6165,16.997,14.15,0.9782,Waning Crescent,False
2025-04-11,05:55:00,0.4846,Nautical Twilight,-7.1542,80.1233,-8.4505,268.6513,16.9894,14.14,0.9782,Waning Crescent,False
2025-04-11,05:56:00,0.5089,Nautical Twilight,-6.9111,80.1688,-8.6906,268.6861,16.9819,14.14,0.9782,Waning Crescent,False
2025-04-11,05:57:00,0.5332,Nautical Twilight,-6.6679,80.2141,-8.9308,268.7209,16.9743,14.13,0.9782,Waning Crescent,False
2025-04-11,05:58:00,0.5575,Nautical Twilight,-6.4247,80.2593,-9.1709,268.7557,16.9668,14.12,0.9782,Waning Crescent,False
2025-04-11,05:59:00,0.5819,Nautical Twilight,-6.1815,80.3042,-9.411,268.7904,16.9593,14.12,0.9783,Waning Crescent,False
2025-04-11,06:00:00,0.2101,Civil Twilight,-5.9382,80.3489,-9.6511,268.8252,16.9517,14.11,0.9783,Waning Crescent,False
2025-04-11,06:01:00,1.0373,Civil Twilight,-5.6949,80.3934,-9.8912,268.86,16.9442,14.11,0.9783,Waning Crescent,False
2025-04-11,06:02:00,1.8646,Civil Twilight,-5.4516,80.4378,-10.1313,268.8947,16.9366,14.1,0.9783,Waning Crescent,False
2025-04-11,06:03:00,2.6921,Civil Twilight,-5.2082,80.4819,-10.3714,268.9295,16.9291,14.1,0.9783,Waning Crescent,False
2025-04-11,06:04:00,3.5196,Civil Twilight,-4.9648,80.5258,-10.6114,268.9643,16.9215,14.09,0.9784,Waning Crescent,False
2025-04-11,06:05:00,4.3473,Civil Twilight,-4.7214,80.5696,-10.8515,268.999,16.914,14.08,0.9784,Waning Crescent,False
2025-04-11,06:06:00,5.175,Civil Twilight,-4.4779,80.6132,-11.0915,269.0338,16.9064,14.08,0.9784,Waning Crescent,False
2025-04-11,06:07:00,6.0029,Civil Twilight,-4.2344,80.6565,-11.3315,269.0686,16.8989,14.07,0.9784,Waning Crescent,False
2025-04-11,06:08:00,6.8308,Civil Twilight,-3.9909,80.6997,-11.5715,269.1034,16.8913,14.07,0.9784,Waning Crescent,False
2025-04-11,06:09:00,7.6589,Civil Twilight,-3.7474,80.7427,-11.8115,269.1382,16.8838,14.06,0.9784,Waning Crescent,False
2025-04-11,06:10:00,8.4871,Civil Twilight,-3.5038,80.7856,-12.0515,269.173,16.8762,14.06,0.9785,Waning Crescent,False
2025-04-11,06:11:00,9.3153,Civil Twilight,-3.2602,80.8282,-12.2915,269.2078,16.8687,14.05,0.9785,Waning Crescent,False
2025-04-11,06:12:00,10.1437,Civil Twilight,-3.0166,80.8707,-12.5314,269.2427,16.8611,14.04,0.9785,Waning Crescent,False
2025-04-11,06:13:00,10.9721,Civil Twilight,-2.7729,80.913,-12.7713,269.2775,16.8536,14.04,0.9785,Waning Crescent,False
2025-04-11,06:14:00,11.8007,Civil Twilight,-2.5292,80.9551,-13.0113,269.3124,16.846,14.03,0.9785,Waning Crescent,False
2025-04-11,06:15:00,12.6293,Civil Twilight,-2.2855,80.9971,-13.2512,269.3472,16.8385,14.03,0.9786,Waning Crescent,False
2025-04-11,06:16:00,13.4581,Civil Twilight,-2.0417,81.0388,-13.4911,269.3821,16.831,14.02,0.9786,Waning Crescent,False
2025-04-11,06:17:00,14.2869,Civil Twilight,-1.798,81.0804,-13.7309,269.417,16.8234,14.02,0.9786,Waning Crescent,False
2025-04-11,06:18:00,15.1159,Civil Twilight,-1.5542,81.1219,-13.9708,269.452,16.8159,14.01,0.9786,Waning Crescent,False
2025-04-11,06:19:00,15.9449,Civil Twilight,-1.3103,81.1632,-14.2106,269.4869,16.8083,14.0,0.9786,Waning Crescent,False
2025-04-11,06:20:00,16.774,Civil Twilight,-1.0665,81.2043,-14.4505,269.5219,16.8008,14.0,0.9787,Waning Crescent,False
2025-04-11,06:21:00,17.6032,Civil Twilight,-0.8226,81.2452,-14.6903,269.5569,16.7932,13.99,0.9787,Waning Crescent,False
2025-04-11,06:22:00,18.4325,Civil Twilight,-0.5787,81.286,-14.9301,269.5919,16.7857,13.99,0.9787,Waning Crescent,False
2025-04-11,06:23:00,19.2619,Civil Twilight,-0.3347,81.3266,-15.1699,269.6269,16.7781,13.98,0.9787,Waning Crescent,False
2025-04-11,06:24:00,20.0914,Civil Twilight,-0.0908,81.3671,-15.4097,269.662,16.7706,13.98,0.9787,Waning Crescent,False
2025-04-11,06:25:00,962.1122,Daylit,0.1532,81.4074,-15.6494,269.6971,16.763,13.97,0.9788,Waning Crescent,False
2025-04-11,06:26:00,2127.4711,Daylit,0.3972,81.4475,-15.8892,269.7322,16.7555,13.96,0.9788,Waning Crescent,False
2025-04-11,06:27:00,3170.451,Daylit,0.6413,81.4875,-16.1289,269.7673,16.748,13.96,0.9788,Waning Crescent,False
2025-04-11,06:28:00,4147.529,Daylit,0.8853,81.5273,-16.3686,269.8025,16.7404,13.95,0.9788,Waning Crescent,False
2025-04-11,06:29:00,5080.0711,Daylit,1.1294,81.567,-16.6083,269.8377,16.7329,13.95,0.9788,Waning Crescent,False
2025-04-11,06:30:00,5979.2959,Daylit,1.3736,81.6065,-16.848,269.873,16.7253,13.94,0.9788,Waning Crescent,False
